2005-01-03,64.9019
2005-01-04,64.5053
2005-01-05,60.8398
2005-01-06,59.3927
2005-01-07,60.2586
2005-01-10,58.3803
2005-01-11,58.0141
2005-01-12,56.5884
2005-01-13,57.6782
2005-01-14,57.4713
2005-01-17,58.0961
2005-01-18,58.7981
2005-01-19,59.1768
2005-01-20,58.1002
2005-01-24,55.7654
2005-01-25,56.6011
2005-01-27,58.109
2005-01-28,60.3015
2005-01-31,60.6977
2005-02-01,59.8749
2005-02-02,59.0696
2005-02-03,59.7931
2005-02-04,60.6031
2005-02-07,59.2332
2005-02-08,59.6466
2005-02-09,59.5476
2005-02-10,58.9703
2005-02-11,59.9136
2005-02-14,61.2748
2005-02-15,60.8528
2005-02-16,60.913
2005-02-17,60.0816
2005-02-18,59.5219
2005-02-21,58.518
2005-02-22,58.8669
2005-02-23,58.574
2005-02-24,58.4017
2005-02-25,58.1046
2005-02-28,60.2323
2005-03-01,58.2252
2005-03-02,57.846
2005-03-03,60.0862
2005-03-04,62.0889
2005-03-07,62.1623
2005-03-08,61.7703
2005-03-09,61.5377
2005-03-10,60.6546
2005-03-11,60.1163
2005-03-14,59.7716
2005-03-15,58.8584
2005-03-16,58.7078
2005-03-17,58.5612
2005-03-18,59.1382
2005-03-21,58.9921
2005-03-22,58.1392
2005-03-23,56.6053
2005-03-24,55.6925
2005-03-28,55.5202
2005-03-29,55.3003
2005-03-30,54.2925
2005-03-31,57.816
2005-04-01,58.0011
2005-04-04,58.6386
2005-04-05,56.8295
2005-04-06,57.6263
2005-04-07,58.5568
2005-04-08,57.5059
2005-04-11,56.1963
2005-04-12,55.6234
2005-04-13,55.6493
2005-04-15,52.1515
2005-04-18,51.29
2005-04-19,49.653
2005-04-20,51.2512
2005-04-21,52.2162
2005-04-22,55.5202
2005-04-25,56.05
2005-04-26,55.3131
2005-04-27,54.8095
2005-04-28,55.0547
2005-04-29,54.413
2005-05-02,54.8222
2005-05-03,54.107
2005-05-04,54.3615
2005-05-05,54.9041
2005-05-06,54.8779
2005-05-09,55.7267
2005-05-10,55.8044
2005-05-11,54.9557
2005-05-12,55.3734
2005-05-13,54.7961
2005-05-16,56.7907
2005-05-17,56.2699
2005-05-18,56.0714
2005-05-19,56.6358
2005-05-20,57.2601
2005-05-23,57.5359
2005-05-24,58.7636
2005-05-25,59.1471
2005-05-26,61.6539
2005-05-27,62.3733
2005-05-30,60.827
2005-05-31,61.6755
2005-06-01,61.2404
2005-06-02,60.3701
2005-06-03,62.2441
2005-06-06,61.5891
2005-06-07,63.0537
2005-06-08,63.1143
2005-06-09,62.5888
2005-06-10,62.3347
2005-06-13,62.2011
2005-06-14,62.2268
2005-06-15,63.2952
2005-06-16,63.3125
2005-06-17,64.062
2005-06-20,65.0398
2005-06-21,65.2032
2005-06-22,65.3758
2005-06-23,65.1172
2005-06-24,64.6479
2005-06-27,65.173
2005-06-28,63.769
2005-06-29,65.4213
2005-06-30,66.4013
2005-07-01,64.6017
2005-07-04,64.5321
2005-07-05,63.899
2005-07-06,63.7732
2005-07-07,61.6091
2005-07-08,62.6631
2005-07-11,62.1381
2005-07-12,60.8762
2005-07-13,61.5009
2005-07-14,60.369
2005-07-15,61.0498
2005-07-18,61.6223
2005-07-19,61.8912
2005-07-20,62.1126
2005-07-21,61.6744
2005-07-22,62.0126
2005-07-25,61.8521
2005-07-26,61.3749
2005-07-27,63.1747
2005-07-29,63.8039
2005-08-01,62.8321
2005-08-02,62.8321
2005-08-03,63.2572
2005-08-04,63.4004
2005-08-05,62.7496
2005-08-08,61.0889
2005-08-09,62.1036
2005-08-10,63.0275
2005-08-11,63.5651
2005-08-12,61.9953
2005-08-16,62.4983
2005-08-17,62.8538
2005-08-18,63.2266
2005-08-19,62.7759
2005-08-22,63.344
2005-08-23,62.1469
2005-08-24,61.0976
2005-08-25,63.2052
2005-08-26,62.286
2005-08-29,60.9846
2005-08-30,62.1816
2005-08-31,63.2572
2005-09-01,64.4371
2005-09-02,64.8273
2005-09-05,65.3043
2005-09-06,65.4517
2005-09-08,64.7406
2005-09-09,64.4541
2005-09-12,64.515
2005-09-13,64.7578
2005-09-14,65.929
2005-09-15,66.3018
2005-09-16,66.3193
2005-09-19,66.0588
2005-09-20,65.1568
2005-09-21,64.8273
2005-09-22,61.8175
2005-09-23,62.0082
2005-09-26,64.8793
2005-09-27,65.2609
2005-09-28,64.5759
2005-09-29,64.9051
2005-09-30,64.4977
2005-10-03,66.0414
2005-10-04,69.4504
2005-10-05,70.1267
2005-10-06,67.5855
2005-10-07,67.3079
2005-10-10,68.3662
2005-10-11,69.0858
2005-10-13,67.5248
2005-10-14,66.8481
2005-10-17,66.2586
2005-10-18,64.7578
2005-10-19,63.9598
2005-10-20,64.0553
2005-10-21,66.9088
2005-10-24,64.6452
2005-10-25,65.3822
2005-10-26,65.3563
2005-10-27,64.6277
2005-10-28,61.8521
2005-10-31,63.266
2005-11-02,64.1506
2005-11-07,65.4343
2005-11-08,67.9671
2005-11-09,66.8569
2005-11-10,66.822
2005-11-11,70.0662
2005-11-14,70.0486
2005-11-16,70.8986
2005-11-17,71.5579
2005-11-18,73.4488
2005-11-21,72.8503
2005-11-22,72.3384
2005-11-23,74.8279
2005-11-24,75.9295
2005-11-25,76.051
2005-11-28,77.2651
2005-11-29,76.7881
2005-11-30,73.2668
2005-12-01,74.9666
2005-12-02,74.7588
2005-12-05,73.2492
2005-12-06,74.3161
2005-12-07,75.7042
2005-12-08,75.5131
2005-12-09,76.5714
2005-12-12,75.7735
2005-12-13,77.864
2005-12-14,77.239
2005-12-15,76.0425
2005-12-16,76.5801
2005-12-19,79.0695
2005-12-20,80.7434
2005-12-21,79.3902
2005-12-22,79.8932
2005-12-23,80.6829
2005-12-26,79.2688
2005-12-27,80.0841
2005-12-28,79.1648
2005-12-29,80.2751
2005-12-30,80.3964
2006-01-02,80.0408
2006-01-03,82.088
2006-01-04,83.3976
2006-01-05,82.2701
2006-01-06,82.0704
2006-01-09,80.197
2006-01-10,79.7808
2006-01-12,80.0149
2006-01-13,79.7893
2006-01-16,79.7893
2006-01-17,77.9331
2006-01-18,79.9973
2006-01-19,86.1644
2006-01-20,86.0256
2006-01-23,85.4793
2006-01-24,85.6008
2006-01-25,87.4829
2006-01-27,87.7346
2006-01-30,90.5445
2006-01-31,91.9238
2006-02-01,90.4841
2006-02-02,91.5162
2006-02-03,89.4606
2006-02-06,89.2089
2006-02-07,90.2066
2006-02-08,88.0553
2006-02-10,88.9053
2006-02-13,87.6303
2006-02-14,85.4793
2006-02-15,85.9304
2006-02-16,84.9416
2006-02-17,86.5548
2006-02-20,88.7665
2006-02-21,88.9574
2006-02-22,89.5214
2006-02-23,90.4231
2006-02-24,89.5732
2006-02-27,90.2754
2006-02-28,90.2498
2006-03-01,91.5942
2006-03-02,92.0798
2006-03-03,91.7244
2006-03-06,91.7244
2006-03-07,90.6574
2006-03-08,88.0899
2006-03-09,88.8098
2006-03-10,90.0589
2006-03-13,92.3923
2006-03-14,90.7877
2006-03-16,89.7119
2006-03-17,90.2932
2006-03-20,94.3871
2006-03-21,92.1926
2006-03-22,90.7789
2006-03-23,90.7008
2006-03-24,92.2273
2006-03-27,90.2236
2006-03-28,91.7244
2006-03-29,94.1096
2006-03-30,97.8044
2006-03-31,96.8938
2006-04-03,97.1628
2006-04-04,97.0241
2006-04-05,96.7722
2006-04-07,93.6933
2006-04-10,92.9472
2006-04-12,89.4864
2006-04-13,89.3994
2006-04-17,93.7625
2006-04-18,98.9061
2006-04-19,97.1279
2006-04-20,96.3039
2006-04-21,95.2286
2006-04-24,92.4874
2006-04-25,91.2732
2006-04-26,95.2198
2006-04-27,94.3871
2006-04-28,93.1987
2006-05-02,93.2507
2006-05-03,93.511
2006-05-04,93.7281
2006-05-05,93.5282
2006-05-08,93.4505
2006-05-09,93.4592
2006-05-10,93.9272
2006-05-11,94.049
2006-05-12,94.4737
2006-05-15,92.9992
2006-05-16,92.7303
2006-05-17,94.3267
2006-05-18,88.4455
2006-05-19,85.1409
2006-05-22,76.3197
2006-05-23,82.0791
2006-05-24,78.5748
2006-05-25,83.9612
2006-05-26,82.4088
2006-05-29,81.6109
2006-05-30,81.6454
2006-05-31,78.0374
2006-06-01,76.9964
2006-06-02,81.4547
2006-06-05,79.1648
2006-06-06,77.3952
2006-06-07,77.1698
2006-06-08,72.5465
2006-06-09,75.6694
2006-06-12,73.1365
2006-06-13,68.5306
2006-06-14,67.7239
2006-06-15,72.9458
2006-06-16,76.3977
2006-06-19,75.2877
2006-06-20,73.1106
2006-06-21,75.9553
2006-06-22,77.8552
2006-06-23,81.4722
2006-06-26,80.3185
2006-06-27,82.3307
2006-06-28,83.8919
2006-06-29,86.9859
2006-06-30,90.0533
2006-07-03,87.9497
2006-07-04,87.6343
2006-07-05,87.0562
2006-07-06,86.1268
2006-07-07,82.2179
2006-07-10,86.3109
2006-07-11,86.8719
2006-07-12,90.5268
2006-07-13,88.1339
2006-07-14,85.8816
2006-07-17,83.5587
2006-07-18,85.0139
2006-07-19,80.3336
2006-07-20,82.3932
2006-07-21,78.4581
2006-07-24,82.1216
2006-07-25,82.3318
2006-07-26,83.4187
2006-07-27,85.9516
2006-07-28,84.5407
2006-07-31,86.1181
2006-08-01,86.8629
2006-08-02,88.1076
2006-08-03,89.0981
2006-08-04,88.9315
2006-08-07,86.5124
2006-08-08,87.9935
2006-08-09,88.6862
2006-08-10,90.3686
2006-08-11,88.7912
2006-08-14,89.5887
2006-08-16,90.2109
2006-08-17,89.5977
2006-08-18,89.7465
2006-08-21,89.5361
2006-08-22,89.7378
2006-08-23,89.5711
2006-08-24,90.3686
2006-08-25,89.6676
2006-08-28,89.957
2006-08-29,92.0428
2006-08-30,92.1915
2006-08-31,90.7808
2006-09-01,90.623
2006-09-04,91.6046
2006-09-05,90.36
2006-09-06,91.5607
2006-09-07,89.7114
2006-09-08,89.3784
2006-09-11,87.5992
2006-09-12,88.2917
2006-09-13,89.6938
2006-09-14,90.0444
2006-09-15,89.3172
2006-09-18,89.9394
2006-09-19,89.9043
2006-09-20,90.7281
2006-09-21,91.6921
2006-09-22,91.0699
2006-09-25,90.1582
2006-09-26,92.2709
2006-09-27,91.1928
2006-09-28,91.4117
2006-09-29,92.0428
2006-10-03,91.096
2006-10-04,89.238
2006-10-05,91.3064
2006-10-06,90.0358
2006-10-09,90.36
2006-10-10,91.1314
2006-10-11,92.7089
2006-10-12,95.6448
2006-10-13,97.7221
2006-10-16,99.9832
2006-10-17,100.7371
2006-10-18,97.6781
2006-10-19,96.4338
2006-10-20,97.4942
2006-10-23,95.9869
2006-10-26,97.4855
2006-10-27,98.5718
2006-10-30,97.3539
2006-10-31,94.3302
2006-11-01,94.1636
2006-11-02,93.5501
2006-11-03,92.8753
2006-11-06,93.1734
2006-11-07,92.8142
2006-11-08,93.7254
2006-11-09,93.4362
2006-11-10,94.0326
2006-11-13,94.9965
2006-11-14,95.6098
2006-11-15,95.8641
2006-11-16,96.9857
2006-11-17,96.2846
2006-11-20,97.1872
2006-11-21,99.685
2006-11-22,102.516
2006-11-23,102.0077
2006-11-24,103.4801
2006-11-27,105.461
2006-11-28,102.7528
2006-11-29,102.1919
2006-11-30,104.9874
2006-12-01,105.3293
2006-12-04,103.4801
2006-12-05,103.8572
2006-12-06,103.3924
2006-12-07,102.516
2006-12-08,101.149
2006-12-11,99.5011
2006-12-12,98.0813
2006-12-13,97.5118
2006-12-14,99.9745
2006-12-15,98.914
2006-12-18,101.9989
2006-12-19,99.3785
2006-12-20,97.3627
2006-12-21,97.8358
2006-12-22,100.4477
2006-12-26,104.7071
2006-12-27,106.4423
2006-12-28,106.5478
2006-12-29,105.9694
2007-01-02,107.1875
2007-01-03,108.7298
2007-01-04,106.1885
2007-01-05,104.9612
2007-01-08,101.6046
2007-01-09,101.8062
2007-01-10,103.5241
2007-01-11,108.8877
2007-01-12,109.7556
2007-01-15,109.9217
2007-01-16,111.6309
2007-01-17,111.1314
2007-01-18,112.3498
2007-01-19,108.9053
2007-01-22,109.0369
2007-01-23,108.8791
2007-01-24,110.816
2007-01-25,114.006
2007-01-29,110.5703
2007-01-31,107.4328
2007-02-01,109.0982
2007-02-02,112.788
2007-02-05,111.2629
2007-02-06,111.3155
2007-02-07,112.3585
2007-02-08,111.2977
2007-02-09,112.5688
2007-02-12,110.2463
2007-02-13,111.7627
2007-02-14,114.0149
2007-02-15,118.4934
2007-02-19,118.9754
2007-02-20,116.5567
2007-02-21,117.1352
2007-02-22,114.5494
2007-02-23,109.2472
2007-02-26,107.6258
2007-02-27,106.0917
2007-02-28,98.3094
2007-03-01,103.3136
2007-03-02,100.4741
2007-03-05,94.1549
2007-03-06,101.7974
2007-03-07,97.5555
2007-03-08,101.0965
2007-03-09,98.9664
2007-03-12,100.4389
2007-03-13,101.9989
2007-03-14,97.3279
2007-03-15,98.3618
2007-03-16,99.1944
2007-03-19,101.4994
2007-03-20,100.4917
2007-03-21,101.9554
2007-03-22,104.3214
2007-03-23,105.3293
2007-03-26,103.6063
2007-03-28,98.6658
2007-03-29,99.9648
2007-03-30,98.6923
2007-04-02,91.6042
2007-04-03,94.4236
2007-04-04,97.0659
2007-04-05,97.4461
2007-04-09,99.3022
2007-04-10,96.9069
2007-04-11,96.6682
2007-04-12,95.4576
2007-04-13,100.336
2007-04-16,103.6856
2007-04-17,101.4938
2007-04-18,103.6149
2007-04-19,102.3245
2007-04-20,100.893
2007-04-23,100.2214
2007-04-24,97.9851
2007-04-25,98.2769
2007-04-26,99.532
2007-04-27,100.0533
2007-04-30,100.9723
2007-05-03,100.8575
2007-05-04,100.2919
2007-05-07,98.047
2007-05-08,96.5623
2007-05-09,97.1457
2007-05-10,97.5965
2007-05-11,96.4563
2007-05-14,96.1382
2007-05-15,94.4062
2007-05-16,95.3956
2007-05-17,96.2972
2007-05-18,96.1471
2007-05-21,94.5209
2007-05-22,94.1674
2007-05-23,94.5824
2007-05-24,94.0169
2007-05-25,95.8905
2007-05-28,95.3249
2007-05-29,95.3426
2007-05-30,94.7505
2007-05-31,96.2528
2007-06-01,96.1822
2007-06-04,94.3793
2007-06-05,94.5914
2007-06-06,94.0345
2007-06-07,96.4032
2007-06-08,96.8098
2007-06-11,95.873
2007-06-12,95.2896
2007-06-13,93.8051
2007-06-14,94.0702
2007-06-15,93.7518
2007-06-18,92.3997
2007-06-19,92.1344
2007-06-20,92.223
2007-06-21,92.5941
2007-06-22,91.4186
2007-06-25,91.0474
2007-06-26,89.9074
2007-06-27,90.1194
2007-06-28,91.2351
2007-06-29,91.8287
2007-07-02,90.8103
2007-07-03,91.2351
2007-07-04,90.1375
2007-07-05,89.296
2007-07-06,91.997
2007-07-09,93.0242
2007-07-10,92.2271
2007-07-11,90.3673
2007-07-12,90.5445
2007-07-13,90.7835
2007-07-16,88.6764
2007-07-17,89.5441
2007-07-18,89.3402
2007-07-19,89.5084
2007-07-20,89.4465
2007-07-23,89.9335
2007-07-24,89.7034
2007-07-25,88.3661
2007-07-26,90.6153
2007-07-27,87.3921
2007-07-30,87.4365
2007-07-31,87.7815
2007-08-01,84.2485
2007-08-02,81.8665
2007-08-03,83.2833
2007-08-06,81.0871
2007-08-07,81.344
2007-08-08,84.3459
2007-08-09,84.6559
2007-08-10,85.0545
2007-08-13,85.0719
2007-08-14,85.2137
2007-08-16,83.1239
2007-08-17,84.2129
2007-08-20,83.1505
2007-08-21,79.1303
2007-08-22,80.3258
2007-08-23,79.4136
2007-08-24,80.68
2007-08-27,82.2735
2007-08-28,82.7872
2007-08-29,83.2746
2007-08-30,84.3459
2007-08-31,85.4085
2007-09-03,84.1951
2007-09-04,82.5218
2007-09-05,83.7349
2007-09-06,84.6469
2007-09-07,84.7268
2007-09-10,82.699
2007-09-11,80.6711
2007-09-12,80.1573
2007-09-13,81.0165
2007-09-14,79.7412
2007-09-17,79.5993
2007-09-18,78.6343
2007-09-19,79.3692
2007-09-20,76.7747
2007-09-21,77.9082
2007-09-24,78.4129
2007-09-25,77.1732
2007-09-26,80.5115
2007-09-27,81.53
2007-09-28,81.4416
2007-10-01,80.3965
2007-10-03,83.3542
2007-10-04,81.6981
2007-10-05,81.6716
2007-10-08,83.177
2007-10-09,86.6571
2007-10-10,89.11
2007-10-11,86.4448
2007-10-12,86.1526
2007-10-15,87.1176
2007-10-16,86.117
2007-10-17,86.055
2007-10-18,87.9234
2007-10-19,88.6497
2007-10-22,87.5959
2007-10-23,87.1707
2007-10-24,86.1345
2007-10-25,88.2687
2007-10-26,88.9089
2007-10-29,90.6339
2007-10-30,90.6426
2007-10-31,89.7715
2007-11-01,88.811
2007-11-02,87.5039
2007-11-05,86.2414
2007-11-06,86.6682
2007-11-07,84.8898
2007-11-08,83.5294
2007-11-12,81.3508
2007-11-13,78.4344
2007-11-14,83.7959
2007-11-15,81.1734
2007-11-16,81.502
2007-11-19,81.3419
2007-11-20,79.7858
2007-11-21,77.6341
2007-11-22,77.8827
2007-11-23,78.6121
2007-11-26,80.5062
2007-11-27,81.404
2007-11-28,79.9282
2007-11-29,80.115
2007-11-30,81.8578
2007-12-03,87.744
2007-12-04,88.3399
2007-12-05,88.7399
2007-12-06,87.744
2007-12-07,89.3714
2007-12-10,88.8201
2007-12-11,89.8338
2007-12-12,89.9047
2007-12-13,88.9533
2007-12-14,88.0643
2007-12-17,86.1792
2007-12-18,86.0101
2007-12-19,85.9303
2007-12-20,87.4507
2007-12-24,95.1954
2007-12-26,95.2666
2007-12-27,97.6851
2007-12-28,94.2441
2007-12-31,93.4704
2008-01-01,91.6919
2008-01-02,90.8828
2008-01-03,88.1265
2008-01-04,88.3577
2008-01-07,85.9569
2008-01-08,86.7662
2008-01-09,87.2906
2008-01-10,86.7129
2008-01-11,86.419
2008-01-14,82.0533
2008-01-15,81.8044
2008-01-16,81.182
2008-01-17,81.8845
2008-01-18,80.9773
2008-01-21,78.2119
2008-01-22,76.2646
2008-01-23,76.6649
2008-01-24,73.1791
2008-01-25,76.327
2008-01-28,72.2457
2008-01-29,73.3929
2008-01-30,73.2861
2008-01-31,73.5083
2008-02-01,77.7674
2008-02-04,82.5603
2008-02-05,80.7907
2008-02-06,75.58
2008-02-07,72.8857
2008-02-08,75.1265
2008-02-11,75.3135
2008-02-12,75.0108
2008-02-13,72.9036
2008-02-14,73.9352
2008-02-15,74.7352
2008-02-18,73.7219
2008-02-19,73.4106
2008-02-20,73.1438
2008-02-21,76.7628
2008-02-22,75.1177
2008-02-25,78.1677
2008-02-26,78.9857
2008-02-27,78.2299
2008-02-28,79.3947
2008-02-29,77.2962
2008-03-03,74.6374
2008-03-04,74.193
2008-03-05,76.6027
2008-03-07,73.8107
2008-03-10,71.4897
2008-03-11,69.7739
2008-03-12,69.3294
2008-03-13,64.91
2008-03-14,65.6834
2008-03-17,63.2204
2008-03-18,64.003
2008-03-19,66.9729
2008-03-24,70.9119
2008-03-25,77.3051
2008-03-26,76.2914
2008-03-27,76.4873
2008-03-28,80.7374
2008-03-31,75.6335
2008-04-01,72.7348
2008-04-02,73.695
2008-04-03,77.4118
2008-04-04,73.9085
2008-04-07,77.1716
2008-04-08,73.6237
2008-04-09,73.215
2008-04-10,72.3168
2008-04-11,72.2546
2008-04-15,75.5178
2008-04-16,79.5547
2008-04-17,81.662
2008-04-21,80.6751
2008-04-22,76.5938
2008-04-23,78.7987
2008-04-24,79.9459
2008-04-25,82.9071
2008-04-28,81.3955
2008-04-29,85.2189
2008-04-30,86.8906
2008-05-02,89.309
2008-05-05,87.1572
2008-05-06,88.6422
2008-05-07,88.7666
2008-05-08,88.4108
2008-05-09,89.1312
2008-05-12,90.2872
2008-05-13,87.8866
2008-05-14,89.558
2008-05-15,90.4915
2008-05-16,90.0114
2008-05-20,88.2066
2008-05-21,88.0553
2008-05-22,86.8195
2008-05-23,85.4855
2008-05-26,85.1212
2008-05-27,87.4238
2008-05-28,90.0114
2008-05-29,91.1408
2008-05-30,90.3404
2008-06-02,88.0732
2008-06-03,89.5758
2008-06-04,88.4377
2008-06-05,93.9682
2008-06-06,89.8069
2008-06-09,85.4499
2008-06-10,84.2138
2008-06-11,84.1342
2008-06-12,85.9124
2008-06-13,84.9787
2008-06-16,86.4724
2008-06-17,87.9308
2008-06-18,86.2235
2008-06-19,86.8727
2008-06-20,84.3207
2008-06-23,85.2811
2008-06-24,83.6184
2008-06-25,81.182
2008-06-26,85.3522
2008-06-27,79.3715
2008-06-30,78.5375
2008-07-01,74.6104
2008-07-02,78.8872
2008-07-03,77.0852
2008-07-04,76.9505
2008-07-07,78.9051
2008-07-08,75.2647
2008-07-09,77.7752
2008-07-10,77.2912
2008-07-11,73.938
2008-07-14,72.5211
2008-07-15,67.7777
2008-07-16,66.5763
2008-07-17,68.1095
2008-07-18,65.5542
2008-07-21,66.8272
2008-07-22,70.7908
2008-07-23,73.1219
2008-07-24,73.0593
2008-07-25,72.8615
2008-07-28,73.0411
2008-07-29,72.2162
2008-07-30,75.7579
2008-07-31,74.6014
2008-08-01,77.5784
2008-08-04,77.2555
2008-08-05,80.2681
2008-08-06,81.3172
2008-08-07,80.4294
2008-08-08,78.4928
2008-08-11,79.3355
2008-08-12,77.7036
2008-08-13,77.7397
2008-08-14,76.9596
2008-08-18,77.4527
2008-08-19,77.3358
2008-08-20,77.7664
2008-08-21,75.5786
2008-08-22,74.8794
2008-08-25,75.2558
2008-08-26,76.8699
2008-08-27,76.278
2008-08-28,74.2426
2008-08-29,77.5245
2008-09-01,77.7933
2008-09-02,80.8957
2008-09-04,80.3577
2008-09-05,76.4396
2008-09-08,77.8921
2008-09-09,77.8562
2008-09-10,77.5871
2008-09-11,76.556
2008-09-12,75.274
2008-09-15,72.1445
2008-09-16,70.2525
2008-09-17,71.6872
2008-09-18,71.2119
2008-09-19,74.7538
2008-09-22,74.3055
2008-09-23,70.0194
2008-09-24,66.4866
2008-09-25,63.2858
2008-09-26,61.6446
2008-09-29,61.5282
2008-09-30,60.9093
2008-10-01,62.6043
2008-10-03,61.1516
2008-10-06,57.3138
2008-10-07,54.9827
2008-10-08,50.6338
2008-10-10,47.2447
2008-10-13,50.8221
2008-10-14,52.3464
2008-10-15,49.6567
2008-10-16,49.827
2008-10-17,46.1955
2008-10-20,50.3289
2008-10-21,53.1535
2008-10-22,50.0778
2008-10-23,48.8227
2008-10-24,42.1696
2008-10-27,39.5333
2008-10-29,45.9714
2008-10-31,48.8047
2008-11-03,49.54
2008-11-04,47.1637
2008-11-05,48.4463
2008-11-06,45.3885
2008-11-07,46.7066
2008-11-10,48.3207
2008-11-11,44.4379
2008-11-12,44.3931
2008-11-14,43.2007
2008-11-17,45.1823
2008-11-18,41.219
2008-11-19,39.9101
2008-11-20,39.3811
2008-11-21,41.2101
2008-11-24,41.9004
2008-11-25,41.0307
2008-11-26,43.2185
2008-11-28,43.6311
2008-12-01,41.9274
2008-12-02,41.757
2008-12-03,39.9905
2008-12-04,41.6763
2008-12-05,40.7348
2008-12-08,42.7342
2008-12-10,46.922
2008-12-11,44.8326
2008-12-12,42.8061
2008-12-15,42.1069
2008-12-16,42.9316
2008-12-17,43.5776
2008-12-18,44.7698
2008-12-19,44.6353
2008-12-22,44.2229
2008-12-23,43.5503
2008-12-24,41.6763
2008-12-26,40.7169
2008-12-29,40.7438
2008-12-30,42.2232
2008-12-31,41.8827
2009-01-01,44.4647
2009-01-02,43.5591
2009-01-05,44.0524
2009-01-06,43.5327
2009-01-07,43.6311
2009-01-09,44.9491
2009-01-12,40.7707
2009-01-13,43.2366
2009-01-14,43.7477
2009-01-15,42.1964
2009-01-16,42.6539
2009-01-19,41.6135
2009-01-20,40.8607
2009-01-21,39.4077
2009-01-22,39.0223
2009-01-23,38.3499
2009-01-27,40.5554
2009-01-28,42.026
2009-01-29,40.6271
2009-01-30,41.4432
2009-02-02,39.4706
2009-02-03,40.1969
2009-02-04,40.1611
2009-02-05,39.3989
2009-02-06,40.1611
2009-02-09,40.5645
2009-02-10,40.4479
2009-02-11,39.8022
2009-02-12,39.8651
2009-02-13,40.1519
2009-02-16,38.6992
2009-02-17,37.6055
2009-02-18,37.4889
2009-02-19,39.5155
2009-02-20,38.6096
2009-02-24,38.0538
2009-02-25,38.9954
2009-02-26,38.7265
2009-02-27,37.1841
2009-03-02,36.3773
2009-03-03,35.9559
2009-03-04,36.9151
2009-03-05,36.9868
2009-03-06,38.2333
2009-03-09,36.8971
2009-03-12,38.0359
2009-03-13,40.2688
2009-03-16,40.9322
2009-03-17,40.7617
2009-03-18,41.3623
2009-03-19,41.7301
2009-03-20,41.506
2009-03-23,42.8691
2009-03-24,43.4517
2009-03-25,43.4695
2009-03-26,45.6575
2009-03-27,45.3885
2009-03-30,43.2366
2009-03-31,44.0076
2009-04-01,45.1195
2009-04-02,48.464
2009-04-06,48.3207
2009-04-08,50.5889
2009-04-09,49.1723
2009-04-13,48.2398
2009-04-15,48.2398
2009-04-16,49.6118
2009-04-17,49.1901
2009-04-20,49.0649
2009-04-21,49.1814
2009-04-22,50.5084
2009-04-23,56.1215
2009-04-24,55.933
2009-04-27,58.2375
2009-04-28,56.5608
2009-04-29,59.2686
2009-05-04,65.3838
2009-05-05,66.0652
2009-05-06,64.4154
2009-05-07,68.1545
2009-05-08,63.6622
2009-05-11,62.658
2009-05-12,67.2936
2009-05-13,67.2042
2009-05-14,65.3391
2009-05-15,67.742
2009-05-18,76.1526
2009-05-19,69.2035
2009-05-20,70.7997
2009-05-21,67.3564
2009-05-22,66.1191
2009-05-25,65.7514
2009-05-26,66.7647
2009-05-27,67.8852
2009-05-28,66.0652
2009-05-29,68.4236
2009-06-01,71.3198
2009-06-02,70.1806
2009-06-03,70.9969
2009-06-04,70.1005
2009-06-05,70.4407
2009-06-08,72.8081
2009-06-09,75.9912
2009-06-10,77.5962
2009-06-11,75.9015
2009-06-12,73.5164
2009-06-15,72.0459
2009-06-16,71.1941
2009-06-17,67.9033
2009-06-18,67.742
2009-06-19,68.2709
2009-06-22,67.8406
2009-06-23,67.5358
2009-06-24,68.3696
2009-06-25,67.1771
2009-06-26,68.8093
2009-06-29,68.6187
2009-06-30,68.4375
2009-07-01,68.5826
2009-07-02,69.0899
2009-07-03,69.869
2009-07-06,67.2507
2009-07-07,68.211
2009-07-08,67.6492
2009-07-09,67.441
2009-07-10,69.7151
2009-07-13,70.6212
2009-07-14,72.533
2009-07-15,74.8164
2009-07-16,75.4687
2009-07-17,77.8157
2009-07-20,83.3698
2009-07-21,82.9896
2009-07-22,81.7302
2009-07-23,82.6815
2009-07-24,83.2522
2009-07-27,83.3154
2009-07-28,84.0858
2009-07-29,84.5748
2009-07-30,88.5346
2009-07-31,88.9152
2009-08-03,88.9878
2009-08-04,87.4112
2009-08-05,90.2562
2009-08-06,90.2926
2009-08-07,90.4104
2009-08-10,92.9382
2009-08-11,92.3403
2009-08-12,91.7151
2009-08-13,93.4186
2009-08-14,92.4489
2009-08-17,89.9575
2009-08-18,90.7182
2009-08-19,89.4227
2009-08-20,91.4251
2009-08-21,92.7752
2009-08-24,95.0042
2009-08-25,98.6741
2009-08-26,100.9846
2009-08-27,103.014
2009-08-28,102.2259
2009-08-31,99.8064
2009-09-01,101.3014
2009-09-02,100.4951
2009-09-03,99.7793
2009-09-04,100.0331
2009-09-07,100.5408
2009-09-08,100.0151
2009-09-09,98.2662
2009-09-10,98.6105
2009-09-11,100.1146
2009-09-14,101.066
2009-09-15,101.3014
2009-09-16,100.5587
2009-09-17,102.5882
2009-09-18,102.9687
2009-09-22,104.2916
2009-09-23,102.6519
2009-09-24,104.9168
2009-09-25,102.7787
2009-09-29,105.5604
2009-09-30,109.0486
2009-10-01,109.991
2009-10-05,110.2722
2009-10-06,108.4962
2009-10-07,103.857
2009-10-08,102.4072
2009-10-09,100.1872
2009-10-12,103.9835
2009-10-14,105.3157
2009-10-15,104.2009
2009-10-16,103.8931
2009-10-20,105.9228
2009-10-21,106.3577
2009-10-22,104.5364
2009-10-23,106.7382
2009-10-26,107.1456
2009-10-27,109.4837
2009-10-28,112.9811
2009-10-29,113.2803
2009-10-30,110.1177
2009-11-03,105.3157
2009-11-04,107.9703
2009-11-05,108.4235
2009-11-06,108.5412
2009-11-09,109.2209
2009-11-10,107.5085
2009-11-11,111.6763
2009-11-12,113.2803
2009-11-13,114.6574
2009-11-16,115.2917
2009-11-17,116.3971
2009-11-18,116.8684
2009-11-19,116.959
2009-11-20,117.7836
2009-11-23,117.1312
2009-11-24,117.2129
2009-11-25,117.1492
2009-11-26,114.5486
2009-11-27,113.2351
2009-11-30,113.9688
2009-12-01,115.2192
2009-12-02,114.8659
2009-12-03,115.8626
2009-12-04,115.5092
2009-12-07,115.5362
2009-12-08,117.3575
2009-12-09,118.7529
2009-12-10,117.5117
2009-12-11,116.7779
2009-12-14,119.3783
2009-12-15,119.4234
2009-12-16,121.7614
2009-12-17,121.9968
2009-12-18,122.3233
2009-12-21,123.0479
2009-12-22,123.0298
2009-12-23,125.6302
2009-12-24,125.7753
2009-12-29,123.4466
2009-12-30,123.4374
2009-12-31,123.1203
2010-01-04,125.6938
2010-01-05,127.7235
2010-01-06,125.6121
2010-01-07,122.7853
2010-01-08,121.2537
2010-01-11,120.0035
2010-01-12,125.8662
2010-01-13,129.6622
2010-01-14,134.3379
2010-01-15,133.1417
2010-01-18,135.4614
2010-01-19,133.6402
2010-01-20,131.4564
2010-01-21,128.5116
2010-01-22,126.8354
2010-01-25,125.8929
2010-01-27,118.6083
2010-01-28,121.9514
2010-01-29,117.3213
2010-02-01,120.9912
2010-02-02,118.5992
2010-02-03,121.7429
2010-02-04,118.6444
2010-02-05,116.1434
2010-02-08,115.3644
2010-02-09,118.2366
2010-02-10,117.3938
2010-02-11,118.7983
2010-02-15,119.5593
2010-02-16,121.3083
2010-02-17,121.3624
2010-02-18,121.0364
2010-02-19,120.6919
2010-02-22,120.9732
2010-02-23,122.3593
2010-02-24,121.6072
2010-02-25,121.4443
2010-02-26,122.6311
2010-03-02,126.7266
2010-03-03,126.5637
2010-03-04,125.6666
2010-03-05,124.4525
2010-03-08,126.346
2010-03-09,126.9444
2010-03-10,126.4005
2010-03-11,128.5933
2010-03-12,128.4031
2010-03-15,131.8825
2010-03-16,131.9005
2010-03-17,134.0298
2010-03-18,132.0547
2010-03-19,131.5561
2010-03-22,131.7282
2010-03-23,130.4145
2010-03-25,130.3057
2010-03-26,129.8981
2010-03-29,129.7712
2010-03-30,127.2796
2010-03-31,128.0857
2010-04-01,130.6683
2010-04-05,130.6138
2010-04-06,129.5718
2010-04-07,129.6806
2010-04-08,129.7529
2010-04-09,128.6841
2010-04-12,127.3248
2010-04-13,130.4419
2010-04-15,130.5686
2010-04-16,130.8675
2010-04-19,127.5151
2010-04-20,125.8929
2010-04-21,127.7235
2010-04-22,127.3881
2010-04-23,125.5762
2010-04-26,126.7359
2010-04-27,126.4093
2010-04-28,124.9326
2010-04-29,124.7243
2010-04-30,122.0513
2010-05-03,122.2688
2010-05-04,119.6772
2010-05-05,121.707
2010-05-06,119.6864
2010-05-07,115.7084
2010-05-10,121.707
2010-05-11,120.9003
2010-05-12,122.9937
2010-05-13,122.3413
2010-05-14,120.9278
2010-05-17,116.9408
2010-05-18,119.5232
2010-05-19,117.684
2010-05-20,118.1639
2010-05-21,116.2704
2010-05-24,117.4119
2010-05-25,114.8567
2010-05-26,117.7112
2010-05-27,119.0702
2010-05-28,120.3206
2010-05-31,121.1178
2010-06-01,119.2603
2010-06-02,117.8017
2010-06-03,118.7894
2010-06-04,118.7529
2010-06-07,118.2819
2010-06-08,116.6871
2010-06-09,114.2134
2010-06-10,116.3336
2010-06-11,117.2308
2010-06-14,122.0694
2010-06-15,125.2547
2010-06-16,125.6686
2010-06-17,126.9564
2010-06-18,125.6839
2010-06-21,127.0942
2010-06-22,124.8104
2010-06-23,124.1357
2010-06-24,123.1239
2010-06-25,119.7361
2010-06-28,120.9778
2010-06-29,119.4296
2010-06-30,117.9583
2010-07-01,114.9994
2010-07-02,118.3873
2010-07-05,119.445
2010-07-06,121.361
2010-07-07,120.7787
2010-07-08,121.545
2010-07-09,122.7715
2010-07-12,125.5309
2010-07-13,124.3504
2010-07-14,122.0047
2010-07-15,123.2466
2010-07-16,123.3232
2010-07-19,123.8445
2010-07-20,124.9941
2010-07-21,127.2783
2010-07-22,127.4163
2010-07-23,126.3431
2010-07-26,126.6496
2010-07-27,127.7686
2010-07-28,127.0023
2010-07-29,127.6767
2010-07-30,126.1132
2010-08-02,126.8949
2010-08-03,126.4657
2010-08-04,131.4785
2010-08-05,132.1375
2010-08-06,132.9652
2010-08-09,134.023
2010-08-10,131.187
2010-08-11,128.1981
2010-08-12,126.6651
2010-08-13,127.1709
2010-08-16,127.0483
2010-08-17,126.4657
2010-08-18,128.7805
2010-08-19,128.4736
2010-08-20,126.2052
2010-08-23,126.3737
2010-08-24,125.3161
2010-08-25,122.7102
2010-08-26,122.6335
2010-08-27,121.5604
2010-08-30,122.1583
2010-08-31,122.572
2010-09-01,123.6453
2010-09-02,123.6911
2010-09-03,123.0473
2010-09-06,124.0591
2010-09-07,124.9482
2010-09-08,125.6686
2010-09-09,125.0554
2010-09-13,123.4614
2010-09-14,127.9831
2010-09-15,130.8654
2010-09-16,129.7463
2010-09-17,128.8573
2010-09-20,128.995
2010-09-21,133.3944
2010-09-22,134.6207
2010-09-23,135.4027
2010-09-24,136.7516
2010-09-27,136.2917
2010-09-28,135.3872
2010-09-29,135.2802
2010-09-30,137.4568
2010-10-01,141.3198
2010-10-04,142.6994
2010-10-05,141.5037
2010-10-06,142.3467
2010-10-07,140.3231
2010-10-08,141.7029
2010-10-11,141.9021
2010-10-12,141.6416
2010-10-13,147.9881
2010-10-14,150.5632
2010-10-15,145.1673
2010-10-18,143.3431
2010-10-19,142.1475
2010-10-20,141.9484
2010-10-21,144.0177
2010-10-22,137.4722
2010-10-25,131.9229
2010-10-26,132.1837
2010-10-27,132.1837
2010-10-28,130.9573
2010-10-29,128.6426
2010-11-01,129.8229
2010-11-02,133.0571
2010-11-03,133.2565
2010-11-04,133.6859
2010-11-08,132.4441
2010-11-09,132.5056
2010-11-10,133.5633
2010-11-11,131.8462
2010-11-12,130.3591
2010-11-15,132.7968
2010-11-16,129.271
2010-11-18,128.2903
2010-11-19,123.1393
2010-11-22,128.2592
2010-11-23,127.9067
2010-11-24,125.4233
2010-11-25,125.3466
2010-11-26,124.6568
2010-11-29,127.6614
2010-11-30,128.8266
2010-12-01,127.0942
2010-12-02,130.3591
2010-12-03,131.2485
2010-12-06,132.0917
2010-12-07,133.2871
2010-12-08,133.0571
2010-12-09,133.9464
2010-12-10,137.9625
2010-12-13,137.4722
2010-12-14,138.9134
2010-12-15,140.2312
2010-12-16,144.0329
2010-12-20,146.547
2010-12-21,148.8002
2010-12-22,146.6849
2010-12-23,147.0223
2010-12-24,147.7579
2010-12-27,148.7084
2010-12-28,150.6551
2010-12-29,149.6589
2010-12-30,150.0114
2010-12-31,150.3026
2011-01-03,148.0492
2011-01-04,148.4938
2011-01-05,148.7851
2011-01-06,148.7695
2011-01-07,146.3937
2011-01-10,142.3316
2011-01-11,143.5882
2011-01-12,143.3278
2011-01-13,139.4955
2011-01-14,141.9635
2011-01-17,142.9139
2011-01-18,146.8994
2011-01-19,145.658
2011-01-20,146.547
2011-01-21,139.8175
2011-01-24,136.2307
2011-01-25,136.7976
2011-01-27,135.2217
2011-01-28,134.7903
2011-01-31,135.0367
2011-02-01,132.1109
2011-02-02,134.7903
2011-02-03,136.13
2011-02-04,134.2053
2011-02-07,131.4488
2011-02-08,131.1252
2011-02-09,130.3862
2011-02-10,128.7539
2011-02-11,129.8934
2011-02-14,130.648
2011-02-15,130.6785
2011-02-16,134.6363
2011-02-17,132.8347
2011-02-18,133.1888
2011-02-21,138.6712
2011-02-22,136.7615
2011-02-23,134.3746
2011-02-24,131.1098
2011-02-25,133.3737
2011-02-28,135.0214
2011-03-01,136.5764
2011-03-03,136.8229
2011-03-04,136.0067
2011-03-07,137.4237
2011-03-08,138.3632
2011-03-09,138.7942
2011-03-10,139.749
2011-03-11,138.3015
2011-03-14,140.3495
2011-03-15,135.93
2011-03-16,137.1773
2011-03-17,136.6997
2011-03-18,135.3141
2011-03-21,133.543
2011-03-22,133.6814
2011-03-23,134.39
2011-03-24,135.4063
2011-03-25,140.3956
2011-03-28,141.9817
2011-03-29,142.7671
2011-03-30,145.6314
2011-03-31,147.3102
2011-04-01,146.5556
2011-04-04,148.0029
2011-04-05,147.8797
2011-04-06,143.5524
2011-04-07,145.2927
2011-04-08,143.3522
2011-04-11,141.6585
2011-04-13,145.8162
2011-04-15,138.4708
2011-04-18,137.1311
2011-04-19,138.717
2011-04-20,142.875
2011-04-21,142.6596
2011-04-25,143.4294
2011-04-26,142.9058
2011-04-27,138.8249
2011-04-28,137.5776
2011-04-29,138.6712
2011-05-02,137.9472
2011-05-03,134.4207
2011-05-04,134.2053
2011-05-05,133.0656
2011-05-06,136.1145
2011-05-09,134.3436
2011-05-10,134.39
2011-05-11,135.2985
2011-05-12,133.4968
2011-05-13,136.3148
2011-05-16,135.4987
2011-05-17,134.8828
2011-05-18,137.1928
2011-05-19,136.3458
2011-05-20,137.4852
2011-05-23,135.5603
2011-05-24,135.3448
2011-05-25,134.0819
2011-05-26,133.8508
2011-05-27,135.699
2011-05-30,136.0223
2011-05-31,137.5621
2011-06-01,138.0087
2011-06-02,136.3765
2011-06-03,136.4534
2011-06-06,137.0388
2011-06-07,135.7143
2011-06-08,135.7912
2011-06-09,135.1292
2011-06-10,134.7903
2011-06-13,134.128
2011-06-14,134.4055
2011-06-15,130.6633
2011-06-16,128.0607
2011-06-17,125.9666
2011-06-20,123.9184
2011-06-21,123.9029
2011-06-22,124.6576
2011-06-23,126.1361
2011-06-24,130.4169
2011-06-27,129.9859
2011-06-28,129.0002
2011-06-29,130.6484
2011-06-30,129.8554
2011-07-01,131.2235
2011-07-04,131.6901
2011-07-05,133.0894
2011-07-06,131.6277
2011-07-07,133.9288
2011-07-08,133.7734
2011-07-11,130.7261
2011-07-12,128.9538
2011-07-13,128.7361
2011-07-14,127.974
2011-07-15,128.9224
2011-07-18,128.3471
2011-07-19,129.0467
2011-07-20,123.947
2011-07-21,124.6622
2011-07-22,126.1393
2011-07-25,127.4765
2011-07-26,127.3521
2011-07-27,125.3619
2011-07-28,122.8278
2011-07-29,121.2574
2011-08-01,122.0347
2011-08-02,119.1428
2011-08-03,118.4742
2011-08-04,116.9505
2011-08-05,114.4318
2011-08-08,111.5245
2011-08-09,107.9796
2011-08-10,110.716
2011-08-11,109.8606
2011-08-12,106.6581
2011-08-16,105.9584
2011-08-17,107.0467
2011-08-18,101.9935
2011-08-19,99.6615
2011-08-22,103.3929
2011-08-23,103.595
2011-08-24,102.5067
2011-08-25,101.9623
2011-08-26,99.2729
2011-08-29,102.3667
2011-08-30,104.186
2011-09-02,103.8905
2011-09-05,100.0968
2011-09-06,100.5167
2011-09-07,102.4598
2011-09-08,105.1032
2011-09-09,104.9789
2011-09-12,100.9052
2011-09-13,102.1645
2011-09-14,106.5957
2011-09-15,108.2286
2011-09-16,105.6628
2011-09-19,106.2071
2011-09-20,109.1146
2011-09-21,110.5294
2011-09-22,105.9584
2011-09-23,105.352
2011-09-26,105.834
2011-09-27,108.3528
2011-09-28,107.8708
2011-09-29,108.1973
2011-09-30,105.9429
2011-10-03,102.9265
2011-10-04,103.9526
2011-10-05,101.9623
2011-10-07,103.797
2011-10-10,108.3838
2011-10-11,106.176
2011-10-12,109.0523
2011-10-13,108.6171
2011-10-14,112.9392
2011-10-17,110.9494
2011-10-18,107.684
2011-10-19,111.1667
2011-10-20,110.2804
2011-10-21,110.0473
2011-10-24,111.3069
2011-10-25,116.0801
2011-10-28,115.9244
2011-10-31,113.95
2011-11-01,116.0332
2011-11-02,116.22
2011-11-03,115.1158
2011-11-04,115.5356
2011-11-08,114.6497
2011-11-09,117.1061
2011-11-11,118.6918
2011-11-14,120.2001
2011-11-15,119.2982
2011-11-16,116.4532
2011-11-17,114.3231
2011-11-18,116.4686
2011-11-21,115.2714
2011-11-22,117.2306
2011-11-23,113.5147
2011-11-24,115.1936
2011-11-25,114.9294
2011-11-28,115.9865
2011-11-29,116.251
2011-11-30,117.5882
2011-12-01,120.0603
2011-12-02,122.6254
2011-12-05,121.5216
2011-12-07,125.5485
2011-12-08,128.5026
2011-12-09,125.6887
2011-12-12,128.9068
2011-12-13,128.1296
2011-12-14,128.938
2011-12-15,126.0616
2011-12-16,125.2686
2011-12-19,125.2686
2011-12-20,123.0452
2011-12-21,126.7457
2011-12-22,123.3564
2011-12-23,126.0306
2011-12-26,126.4036
2011-12-27,126.4348
2011-12-28,123.5586
2011-12-29,123.8072
2011-12-30,124.0093
2012-01-02,123.8849
2012-01-03,129.5754
2012-01-04,129.9488
2012-01-05,128.8447
2012-01-06,126.0929
2012-01-09,125.1289
2012-01-10,125.424
2012-01-11,124.8334
2012-01-12,121.5838
2012-01-13,124.6936
2012-01-16,126.6524
2012-01-17,128.9538
2012-01-18,125.4709
2012-01-19,125.6573
2012-01-20,128.6427
2012-01-23,129.3267
2012-01-24,130.8891
2012-01-25,130.811
2012-01-27,130.561
2012-01-30,127.999
2012-01-31,129.1234
2012-02-01,128.608
2012-02-02,133.0605
2012-02-03,133.123
2012-02-06,133.0293
2012-02-07,133.3731
2012-02-08,135.8101
2012-02-09,138.9036
2012-02-10,140.0128
2012-02-13,136.4194
2012-02-14,135.9351
2012-02-15,136.0289
2012-02-16,137.0287
2012-02-17,140.3564
2012-02-21,138.7005
2012-02-22,138.2629
2012-02-23,137.7629
2012-02-24,136.7164
2012-02-27,132.5606
2012-02-28,131.3266
2012-02-29,134.904
2012-03-01,132.6855
2012-03-02,133.6698
2012-03-05,134.5448
2012-03-06,134.6074
2012-03-07,137.2632
2012-03-09,135.029
2012-03-12,136.5916
2012-03-13,134.826
2012-03-14,132.9199
2012-03-15,133.4356
2012-03-16,133.7479
2012-03-19,133.3417
2012-03-20,133.7791
2012-03-21,133.3417
2012-03-22,131.6701
2012-03-23,132.592
2012-03-26,131.7014
2012-03-27,133.4199
2012-03-28,134.3418
2012-03-29,136.0447
2012-03-30,137.1694
2012-04-02,137.9974
2012-04-03,139.06
2012-04-04,138.3254
2012-04-09,136.732
2012-04-10,138.7317
2012-04-11,138.9193
2012-04-12,137.1538
2012-04-13,131.5296
2012-04-16,131.5296
2012-04-17,131.5764
2012-04-18,133.4199
2012-04-19,131.6232
2012-04-20,132.6076
2012-04-23,132.3889
2012-04-24,138.2318
2012-04-25,128.1551
2012-04-26,126.1553
2012-04-27,126.7957
2012-04-30,126.5769
2012-05-02,126.3897
2012-05-03,128.827
2012-05-04,129.639
2012-05-07,128.7175
2012-05-08,126.2803
2012-05-09,127.0771
2012-05-10,127.3112
2012-05-11,125.2336
2012-05-14,125.7645
2012-05-15,126.3272
2012-05-16,122.2025
2012-05-17,121.9371
2012-05-18,122.1088
2012-05-21,119.4062
2012-05-22,119.2032
2012-05-23,120.0468
2012-05-24,122.4838
2012-05-25,122.9682
2012-05-28,124.6241
2012-05-29,127.905
2012-05-30,128.686
2012-05-31,127.9677
2012-06-01,125.3273
2012-06-04,124.14
2012-06-05,124.6555
2012-06-06,127.6394
2012-06-07,125.2336
2012-06-08,126.046
2012-06-11,125.0931
2012-06-12,122.9526
2012-06-13,123.9992
2012-06-14,123.4994
2012-06-15,124.3118
2012-06-18,123.5462
2012-06-19,124.7492
2012-06-20,124.9989
2012-06-21,125.6239
2012-06-22,125.1713
2012-06-25,124.9836
2012-06-26,125.3116
2012-06-27,124.843
2012-06-28,125.7898
2012-06-29,126.0265
2012-07-02,126.3264
2012-07-03,126.4528
2012-07-04,124.5905
2012-07-05,125.0481
2012-07-06,123.754
2012-07-09,121.7971
2012-07-10,121.3553
2012-07-11,118.1047
2012-07-12,113.4016
2012-07-13,113.3702
2012-07-16,112.2182
2012-07-17,114.3644
2012-07-18,114.9168
2012-07-19,116.337
2012-07-20,114.6325
2012-07-23,112.5021
2012-07-24,109.2039
2012-07-25,106.9947
2012-07-26,104.17
2012-07-27,105.4955
2012-07-30,105.4796
2012-07-31,107.2789
2012-08-01,107.1999
2012-08-02,107.3261
2012-08-03,109.5196
2012-08-06,108.8727
2012-08-07,109.7721
2012-08-08,110.4983
2012-08-09,109.125
2012-08-10,110.2613
2012-08-13,112.0287
2012-08-14,112.1077
2012-08-16,110.3244
2012-08-17,111.6187
2012-08-21,112.1708
2012-08-22,111.7921
2012-08-23,114.7115
2012-08-24,115.2008
2012-08-27,113.9699
2012-08-28,114.759
2012-08-29,115.0745
2012-08-30,116.4948
2012-08-31,116.0214
2012-09-03,115.0428
2012-09-04,114.6325
2012-09-05,114.0959
2012-09-06,119.1461
2012-09-07,119.2249
2012-09-10,118.7199
2012-09-11,118.3096
2012-09-12,121.2451
2012-09-13,122.2074
2012-09-14,123.1071
2012-09-17,121.2451
2012-09-18,116.6526
2012-09-20,117.7416
2012-09-21,119.1461
2012-09-24,120.0771
2012-09-25,119.004
2012-09-26,119.8403
2012-09-27,118.5779
2012-09-28,120.3452
2012-10-01,121.0396
2012-10-03,120.2033
2012-10-04,120.8976
2012-10-05,117.9782
2012-10-08,115.4058
2012-10-09,115.9424
2012-10-10,113.954
2012-10-11,113.2597
2012-10-12,110.9872
2012-10-15,111.3977
2012-10-16,111.1293
2012-10-17,111.4764
2012-10-18,109.283
2012-10-19,108.715
2012-10-22,108.3835
2012-10-23,108.1941
2012-10-25,107.2789
2012-10-26,106.0951
2012-10-29,108.8093
2012-10-30,109.6618
2012-10-31,110.719
2012-11-01,114.0644
2012-11-02,115.1851
2012-11-05,114.5063
2012-11-06,115.5007
2012-11-07,115.9899
2012-11-08,118.2782
2012-11-09,116.9682
2012-11-12,116.5106
2012-11-15,114.0488
2012-11-16,113.4647
2012-11-19,112.9758
2012-11-20,114.2064
2012-11-21,115.7531
2012-11-22,116.9682
2012-11-23,115.7216
2012-11-26,118.6096
2012-11-27,119.5406
2012-11-29,121.6078
2012-11-30,124.0223
2012-12-03,124.5432
2012-12-04,122.4916
2012-12-05,120.2506
2012-12-06,119.8561
2012-12-07,119.793
2012-12-10,120.5187
2012-12-11,119.7771
2012-12-12,118.2782
2012-12-13,117.8991
2012-12-14,118.6567
2012-12-17,116.9523
2012-12-18,118.6727
2012-12-19,121.7027
2012-12-20,120.5977
2012-12-21,119.6195
2012-12-24,121.7498
2012-12-26,121.4817
2012-12-27,121.8917
2012-12-28,123.4857
2012-12-31,124.4641
2013-01-01,125.2532
2013-01-02,124.275
2013-01-03,125.4267
2013-01-04,127.2732
2013-01-07,127.5731
2013-01-08,125.7109
2013-01-09,125.3637
2013-01-10,124.7956
2013-01-11,132.4018
2013-01-14,131.8971
2013-01-15,132.6073
2013-01-16,132.5757
2013-01-17,136.0632
2013-01-18,125.348
2013-01-21,125.4111
2013-01-22,125.6478
2013-01-23,127.091
2013-01-24,128.2488
2013-01-25,129.3273
2013-01-28,131.183
2013-01-29,129.3115
2013-01-30,131.532
2013-01-31,130.4376
2013-02-01,129.3591
2013-02-04,129.2956
2013-02-05,128.7882
2013-02-06,128.3757
2013-02-07,128.5027
2013-02-08,130.5169
2013-02-11,129.9776
2013-02-12,130.7866
2013-02-13,129.9301
2013-02-14,125.6001
2013-02-15,126.52
2013-02-18,127.5511
2013-02-19,129.9776
2013-02-20,130.6916
2013-02-21,128.6929
2013-02-22,131.8175
2013-02-25,132.9913
2013-02-26,131.865
2013-02-27,132.8009
2013-02-28,132.1188
2013-03-01,133.6099
2013-03-04,132.9755
2013-03-05,137.3687
2013-03-06,139.9221
2013-03-07,142.4758
2013-03-08,141.1753
2013-03-11,139.2721
2013-03-12,139.1451
2013-03-13,139.2404
2013-03-14,139.0818
2013-03-15,139.8746
2013-03-18,137.5273
2013-03-19,137.6225
2013-03-20,136.3697
2013-03-21,137.7176
2013-03-22,138.2729
2013-03-25,136.7661
2013-03-26,138.2411
2013-03-28,138.6695
2013-04-01,136.8295
2013-04-02,142.682
2013-04-03,142.3331
2013-04-04,141.1912
2013-04-05,144.2522
2013-04-08,142.2538
2013-04-09,136.9671
2013-04-10,139.941
2013-04-11,139.9233
2013-04-12,133.315
2013-04-15,132.1848
2013-04-16,132.7585
2013-04-17,130.411
2013-04-18,128.2199
2013-04-22,118.0289
2013-04-23,119.2115
2013-04-25,116.5854
2013-04-26,114.8116
2013-04-29,118.9157
2013-04-30,121.0028
2013-05-02,122.5853
2013-05-03,123.6634
2013-05-06,124.1852
2013-05-07,122.3244
2013-05-08,122.4811
2013-05-09,123.4547
2013-05-10,123.5068
2013-05-13,121.1766
2013-05-14,121.02
2013-05-15,120.3765
2013-05-16,120.7767
2013-05-17,119.6463
2013-05-20,117.6117
2013-05-21,117.89
2013-05-22,118.968
2013-05-23,117.2115
2013-05-24,117.0898
2013-05-27,118.2897
2013-05-28,118.5159
2013-05-29,118.2028
2013-05-30,117.2639
2013-05-31,113.577
2013-06-03,113.264
2013-06-04,115.0726
2013-06-05,113.2465
2013-06-06,114.8116
2013-06-07,116.7247
2013-06-10,119.1941
2013-06-11,120.0116
2013-06-12,119.8724
2013-06-13,118.2724
2013-06-14,117.4377
2013-06-17,117.577
2013-06-18,118.6375
2013-06-19,119.3159
2013-06-20,120.8461
2013-06-21,121.3333
2013-06-24,120.5679
2013-06-25,119.7159
2013-06-26,120.8811
2013-06-27,122.5925
2013-06-28,123.4395
2013-07-01,123.9335
2013-07-02,124.5863
2013-07-03,121.1986
2013-07-04,123.7745
2013-07-05,123.7922
2013-07-08,125.645
2013-07-09,127.1093
2013-07-10,128.8031
2013-07-11,128.2211
2013-07-12,132.5085
2013-07-15,134.8022
2013-07-16,132.4556
2013-07-17,136.3727
2013-07-18,135.8609
2013-07-19,137.89
2013-07-22,138.6665
2013-07-23,135.5786
2013-07-24,138.3133
2013-07-25,132.7734
2013-07-26,135.0846
2013-07-29,144.1539
2013-07-30,148.1238
2013-07-31,154.3169
2013-08-01,153.9286
2013-08-02,154.8287
2013-08-05,158.6749
2013-08-06,159.2573
2013-08-07,158.8163
2013-08-08,157.5633
2013-08-12,160.5099
2013-08-13,164.7269
2013-08-14,162.3629
2013-08-16,161.004
2013-08-19,160.8454
2013-08-20,157.9869
2013-08-21,155.8873
2013-08-22,156.9988
2013-08-23,158.2338
2013-08-26,162.2214
2013-08-27,160.5277
2013-08-28,166.3502
2013-08-29,167.4089
2013-08-30,170.7614
2013-09-02,170.8673
2013-09-03,169.1027
2013-09-04,169.9321
2013-09-05,165.274
2013-09-06,165.2917
2013-09-10,167.4619
2013-09-11,167.709
2013-09-12,166.7032
2013-09-13,160.6864
2013-09-16,159.1337
2013-09-17,167.7442
2013-09-18,169.5262
2013-09-19,166.3502
2013-09-20,167.7267
2013-09-23,170.6554
2013-09-24,168.7146
2013-09-25,167.85
2013-09-26,168.5028
2013-09-27,167.6735
2013-09-30,167.2854
2013-10-01,166.0856
2013-10-03,170.9732
2013-10-04,170.4084
2013-10-07,170.0555
2013-10-08,170.4084
2013-10-09,168.3793
2013-10-10,169.5085
2013-10-11,172.3141
2013-10-14,176.7603
2013-10-15,180.1129
2013-10-17,174.7136
2013-10-18,178.8954
2013-10-21,178.719
2013-10-22,181.7008
2013-10-23,173.6902
2013-10-24,166.3149
2013-10-25,169.7556
2013-10-28,170.4614
2013-10-29,171.6435
2013-10-30,167.9205
2013-10-31,168.3089
2013-11-01,170.2673
2013-11-05,169.0675
2013-11-06,169.9144
2013-11-07,169.9144
2013-11-08,169.8261
2013-11-11,169.7203
2013-11-12,170.091
2013-11-13,170.038
2013-11-14,171.1142
2013-11-18,173.5492
2013-11-19,172.2081
2013-11-20,170.5671
2013-11-21,168.8734
2013-11-22,168.6617
2013-11-25,168.9969
2013-11-26,167.6032
2013-11-27,165.8209
2013-11-28,166.8619
2013-11-29,166.1913
2013-12-02,169.9144
2013-12-03,170.1614
2013-12-04,173.4786
2013-12-05,173.7961
2013-12-06,174.0961
2013-12-09,178.966
2013-12-10,182.2655
2013-12-11,182.8829
2013-12-12,180.2011
2013-12-13,183.1299
2013-12-16,184.9826
2013-12-17,182.7947
2013-12-18,184.3475
2013-12-19,186.994
2013-12-20,193.7165
2013-12-23,194.7576
2013-12-24,190.664
2013-12-26,193.2578
2013-12-27,195.9926
2013-12-30,194.8282
2013-12-31,197.2806
2014-01-01,195.0574
2014-01-02,195.1105
2014-01-03,196.6101
2014-01-06,196.9278
2014-01-07,194.0695
2014-01-08,192.7813
2014-01-09,190.8229
2014-01-10,195.6928
2014-01-13,198.1278
2014-01-14,195.04
2014-01-15,197.651
2014-01-16,201.2859
2014-01-17,194.9517
2014-01-20,202.3092
2014-01-21,201.6742
2014-01-22,204.8492
2014-01-23,205.1861
2014-01-24,203.3412
2014-01-27,202.4899
2014-01-28,201.4967
2014-01-29,202.8447
2014-01-30,202.8627
2014-01-31,203.9623
2014-02-03,200.7695
2014-02-04,197.2042
2014-02-05,198.5878
2014-02-06,201.6209
2014-02-07,198.9957
2014-02-10,199.7409
2014-02-11,199.6875
2014-02-12,199.4214
2014-02-13,197.1157
2014-02-14,200.0778
2014-02-17,198.9602
2014-02-18,197.6125
2014-02-19,200.2728
2014-02-20,200.6452
2014-02-21,202.8447
2014-02-24,205.0796
2014-02-25,211.1282
2014-02-26,214.0372
2014-02-28,211.6956
2014-03-03,207.758
2014-03-04,208.9998
2014-03-05,209.1593
2014-03-06,207.3679
2014-03-07,200.6276
2014-03-10,197.7364
2014-03-11,198.6233
2014-03-12,200.9115
2014-03-13,199.865
2014-03-14,194.0648
2014-03-18,191.6703
2014-03-19,193.3374
2014-03-20,195.4484
2014-03-21,201.4791
2014-03-24,199.7409
2014-03-25,194.5793
2014-03-26,193.4617
2014-03-27,195.6612
2014-03-28,195.6433
2014-03-31,192.4863
2014-04-01,198.8361
2014-04-02,200.5035
2014-04-03,198.8361
2014-04-04,196.2643
2014-04-07,197.3815
2014-04-09,196.406
2014-04-10,198.8184
2014-04-11,201.4791
2014-04-15,208.9463
2014-04-16,202.8803
2014-04-17,207.7226
2014-04-21,193.9051
2014-04-22,188.4774
2014-04-23,186.2426
2014-04-25,184.3802
2014-04-28,187.6794
2014-04-29,186.2071
2014-04-30,185.1785
2014-05-02,187.165
2014-05-05,184.7527
2014-05-06,182.5532
2014-05-07,179.3251
2014-05-08,181.1876
2014-05-09,181.7372
2014-05-12,181.4891
2014-05-13,187.5906
2014-05-14,185.9588
2014-05-15,183.174
2014-05-16,178.385
2014-05-19,170.811
2014-05-20,175.2632
2014-05-21,174.5536
2014-05-22,171.5206
2014-05-23,173.4717
2014-05-26,178.9881
2014-05-27,179.7861
2014-05-28,182.2338
2014-05-29,177.4448
2014-05-30,179.1477
2014-06-02,177.0545
2014-06-03,175.3696
2014-06-04,174.4294
2014-06-05,177.711
2014-06-06,180.0877
2014-06-09,181.2228
2014-06-10,186.1717
2014-06-11,186.9343
2014-06-12,188.2469
2014-06-13,187.6615
2014-06-16,189.932
2014-06-17,190.1449
2014-06-18,188.2291
2014-06-19,190.5883
2014-06-20,190.2691
2014-06-23,188.4953
2014-06-24,188.4774
2014-06-25,187.4488
2014-06-26,190.0206
2014-06-27,193.6391
2014-06-30,193.3198
2014-07-01,191.0849
2014-07-02,192.1491
2014-07-03,197.0978
2014-07-04,194.2245
2014-07-07,197.8427
2014-07-08,195.3418
2014-07-09,192.6635
2014-07-10,193.2665
2014-07-11,196.016
2014-07-14,191.7236
2014-07-15,190.5883
2014-07-16,189.9498
2014-07-17,190.8012
2014-07-18,194.2954
2014-07-21,195.1545
2014-07-22,200.0951
2014-07-23,203.8364
2014-07-24,206.5036
2014-07-25,197.0342
2014-07-28,198.7348
2014-07-30,197.052
2014-07-31,194.6354
2014-08-01,191.843
2014-08-04,196.4793
2014-08-05,196.7656
2014-08-06,197.3741
2014-08-07,197.8935
2014-08-08,196.1212
2014-08-11,194.6176
2014-08-12,194.6176
2014-08-13,196.533
2014-08-14,195.3695
2014-08-18,196.0675
2014-08-19,195.6022
2014-08-20,197.3741
2014-08-21,197.07
2014-08-22,199.3791
2014-08-25,198.86
2014-08-26,197.3026
2014-08-27,199.6478
2014-08-28,202.4224
2014-09-01,202.5479
2014-09-02,200.7039
2014-09-03,206.7185
2014-09-04,206.4322
2014-09-05,208.3474
2014-09-08,211.8023
2014-09-09,210.3165
2014-09-10,208.5803
2014-09-11,205.6264
2014-09-12,205.7697
2014-09-15,203.2815
2014-09-16,200.2923
2014-09-17,203.1205
2014-09-18,207.9895
2014-09-19,210.0302
2014-09-22,208.5624
2014-09-23,208.4549
2014-09-24,211.713
2014-09-25,208.795
2014-09-26,209.8155
2014-09-29,212.2858
2014-09-30,213.5029
2014-10-01,220.3767
2014-10-07,221.2003
2014-10-08,212.2858
2014-10-09,210.5313
2014-10-10,209.2785
2014-10-13,209.2246
2014-10-14,207.7567
2014-10-16,204.7851
2014-10-17,202.5655
2014-10-20,199.1824
2014-10-21,205.2328
2014-10-22,208.258
2014-10-27,198.5737
2014-10-28,198.3767
2014-10-29,199.3255
2014-10-30,200.3281
2014-10-31,201.7243
2014-11-03,201.9392
2014-11-05,200.1309
2014-11-07,197.8754
2014-11-10,199.952
2014-11-11,199.5045
2014-11-12,198.6094
2014-11-13,199.9878
2014-11-14,201.8494
2014-11-17,202.0106
2014-11-18,202.7625
2014-11-19,202.3688
2014-11-20,204.8926
2014-11-21,205.1789
2014-11-24,207.5419
2014-11-25,208.0253
2014-11-26,207.4881
2014-11-27,208.3118
2014-11-28,209.6184
2014-12-01,212.1604
2014-12-02,211.4623
2014-12-03,212.0529
2014-12-04,211.6411
2014-12-05,207.0049
2014-12-08,203.6575
2014-12-09,199.3435
2014-12-10,197.6607
2014-12-11,195.638
2014-12-12,194.6176
2014-12-15,193.8836
2014-12-16,192.0042
2014-12-17,191.7893
2014-12-18,192.5768
2014-12-19,197.07
2014-12-22,198.8063
2014-12-23,197.8398
2014-12-24,196.1928
2014-12-26,196.0855
2014-12-29,197.052
2014-12-30,197.2668
2014-12-31,198.2693
2015-01-01,197.7323
2015-01-02,199.5045
2015-01-05,199.5938
2015-01-06,195.28
2015-01-07,194.0449
2015-01-08,195.1368
2015-01-09,198.144
2015-01-12,199.1643
2015-01-13,201.5095
2015-01-14,197.768
2015-01-15,200.3637
2015-01-16,198.7884
2015-01-19,209.2426
2015-01-20,211.3907
2015-01-21,210.3524
2015-01-22,214.6494
2015-01-23,217.195
2015-01-27,215.8772
2015-01-28,219.0727
2015-01-29,217.2132
2015-01-30,218.9283
2015-02-02,225.6806
2015-02-03,224.5251
2015-02-04,223.0266
2015-02-05,230.122
2015-02-06,231.6385
2015-02-09,234.094
2015-02-10,232.2706
2015-02-11,231.0428
2015-02-12,233.4259
2015-02-13,238.4452
2015-02-16,238.8243
2015-02-18,241.424
2015-02-19,238.1382
2015-02-20,234.7981
2015-02-23,234.4189
2015-02-24,235.6286
2015-02-25,239.6549
2015-02-26,237.1632
2015-02-27,236.3148
2015-03-02,239.5826
2015-03-03,242.6339
2015-03-04,237.6689
2015-03-05,241.0811
2015-03-09,238.2284
2015-03-10,236.5132
2015-03-11,236.2424
2015-03-12,236.441
2015-03-13,230.1942
2015-03-16,233.4079
2015-03-17,231.9997
2015-03-18,227.6666
2015-03-19,228.6957
2015-03-20,235.3758
2015-03-23,232.6135
2015-03-24,235.2675
2015-03-25,238.4631
2015-03-26,228.8942
2015-03-27,220.9863
2015-03-30,225.1389
2015-03-31,226.6916
2015-04-01,227.9553
2015-04-06,223.9654
2015-04-07,222.16
2015-04-08,222.8461
2015-04-09,222.7739
2015-04-10,223.0266
2015-04-13,225.1209
2015-04-15,219.0366
2015-04-16,217.1408
2015-04-17,211.7966
2015-04-20,207.608
2015-04-21,208.9983
2015-04-22,196.4323
2015-04-23,192.9841
2015-04-24,188.8857
2015-04-27,192.4966
2015-04-28,191.9007
2015-04-29,195.4935
2015-04-30,194.4645
2015-05-04,195.6019
2015-05-05,196.7393
2015-05-06,192.352
2015-05-07,194.4102
2015-05-08,195.4033
2015-05-11,195.2769
2015-05-12,192.7854
2015-05-13,195.7643
2015-05-14,193.8325
2015-05-15,194.338
2015-05-18,196.3962
2015-05-19,199.628
2015-05-20,203.6902
2015-05-21,203.7806
2015-05-22,202.4447
2015-05-25,203.2751
2015-05-26,201.7945
2015-05-27,199.7002
2015-05-28,200.0433
2015-05-29,202.7876
2015-06-01,203.1668
2015-06-02,198.0212
2015-06-03,196.974
2015-06-04,199.7002
2015-06-05,200.6572
2015-06-08,199.8627
2015-06-09,196.3421
2015-06-10,203.4013
2015-06-11,197.7143
2015-06-12,194.0131
2015-06-15,195.3131
2015-06-16,194.9159
2015-06-17,197.0824
2015-06-18,200.9099
2015-06-19,203.3292
2015-06-22,202.6973
2015-06-23,201.4154
2015-06-24,204.1235
2015-06-25,199.9711
2015-06-26,201.7766
2015-06-29,199.303
2015-06-30,196.4866
2015-07-01,199.4476
2015-07-02,200.5127
2015-07-03,198.5448
2015-07-06,198.5268
2015-07-07,199.8447
2015-07-08,199.7906
2015-07-09,196.6672
2015-07-10,198.0933
2015-07-13,202.2098
2015-07-14,204.5569
2015-07-15,208.6552
2015-07-16,206.9942
2015-07-17,205.3152
2015-07-20,207.4355
2015-07-21,210.9453
2015-07-22,213.998
2015-07-23,215.113
2015-07-24,207.0883
2015-07-27,205.1873
2015-07-28,203.5055
2015-07-29,206.3207
2015-07-30,205.1507
2015-07-31,208.0754
2015-08-03,208.5689
2015-08-04,204.0721
2015-08-05,210.0678
2015-08-06,208.898
2015-08-07,208.057
2015-08-10,206.0647
2015-08-11,207.0153
2015-08-12,210.6345
2015-08-13,208.697
2015-08-14,210.0311
2015-08-17,210.5797
2015-08-18,208.8614
2015-08-19,213.3581
2015-08-20,210.5065
2015-08-21,210.6527
2015-08-24,198.8809
2015-08-25,198.0948
2015-08-26,200.983
2015-08-27,201.3302
2015-08-28,205.8453
2015-08-31,208.9162
2015-09-01,205.7721
2015-09-02,203.2312
2015-09-03,207.1796
2015-09-04,202.4269
2015-09-07,201.7689
2015-09-08,205.571
2015-09-09,205.0958
2015-09-10,201.5862
2015-09-11,203.743
2015-09-14,208.6603
2015-09-15,208.3314
2015-09-16,211.6946
2015-09-18,215.8076
2015-09-21,216.5388
2015-09-22,217.398
2015-09-23,216.5207
2015-09-24,220.414
2015-09-28,216.6119
2015-09-29,214.8754
2015-09-30,218.312
2015-10-01,218.9883
2015-10-05,219.3904
2015-10-06,219.2625
2015-10-07,215.3689
2015-10-08,215.6431
2015-10-09,216.5207
2015-10-12,213.4678
2015-10-13,214.0162
2015-10-14,213.0109
2015-10-15,211.183
2015-10-16,210.9637
2015-10-19,211.0548
2015-10-20,209.099
2015-10-21,211.2743
2015-10-23,207.728
2015-10-26,208.1302
2015-10-27,210.2872
2015-10-28,211.4572
2015-10-29,209.9399
2015-10-30,209.5925
2015-11-02,210.1408
2015-11-03,209.9399
2015-11-04,209.6109
2015-11-05,209.1357
2015-11-06,208.9528
2015-11-09,204.785
2015-11-10,203.3959
2015-11-13,201.6227
2015-11-16,202.1894
2015-11-17,203.1034
2015-11-18,202.6464
2015-11-19,203.7979
2015-11-20,207.728
2015-11-23,208.4958
2015-11-24,206.1561
2015-11-26,208.3314
2015-11-27,208.4411
2015-11-30,209.3731
2015-12-01,212.5721
2015-12-02,211.2195
2015-12-03,209.1722
2015-12-04,208.313
2015-12-07,210.2324
2015-12-08,207.9658
2015-12-09,206.6129
2015-12-10,206.7045
2015-12-11,206.9968
2015-12-14,207.399
2015-12-15,204.2184
2015-12-16,202.9023
2015-12-17,203.2679
2015-12-18,202.6829
2015-12-21,203.2862
2015-12-22,203.14
2015-12-23,203.1947
2015-12-24,203.2495
2015-12-28,204.9313
2015-12-29,206.0282
2015-12-30,204.0721
2015-12-31,204.6571
2016-01-01,203.4141
2016-01-04,203.9808
2016-01-05,203.6335
2016-01-06,202.9938
2016-01-07,201.0012
2016-01-08,203.2679
2016-01-11,196.6141
2016-01-12,200.7088
2016-01-13,199.7217
2016-01-14,199.3926
2016-01-15,198.6798
2016-01-18,200.1057
2016-01-19,198.0583
2016-01-20,198.2045
2016-01-21,201.3302
2016-01-22,201.1839
2016-01-25,201.7559
2016-01-27,203.8221
2016-01-28,201.8666
2016-01-29,207.0502
2016-02-01,208.9872
2016-02-02,209.0057
2016-02-03,205.3346
2016-02-04,206.4599
2016-02-05,205.8695
2016-02-08,201.2393
2016-02-09,197.7713
2016-02-10,196.3877
2016-02-11,190.4109
2016-02-12,190.8168
2016-02-15,194.0264
2016-02-16,194.2848
2016-02-17,194.5616
2016-02-18,199.6161
2016-02-19,201.9404
2016-02-22,200.2984
2016-02-23,199.0809
2016-02-24,197.0518
2016-02-25,196.517
2016-02-26,196.1296
2016-02-29,191.8129
2016-03-01,197.3839
2016-03-02,199.1733
2016-03-03,200.0034
2016-03-04,198.0479
2016-03-08,199.6898
2016-03-09,198.6568
2016-03-10,197.7528
2016-03-11,199.5607
2016-03-14,199.0626
2016-03-15,197.3469
2016-03-16,198.8413
2016-03-17,198.583
2016-03-18,201.682
2016-03-21,205.6297
2016-03-22,204.0433
2016-03-23,205.0764
2016-03-28,204.7811
2016-03-29,203.951
2016-03-30,207.0502
2016-03-31,207.8436
2016-04-01,207.1608
2016-04-04,208.8396
2016-04-05,206.4414
2016-04-06,207.1056
2016-04-07,203.8035
2016-04-08,201.7744
2016-04-11,208.5444
2016-04-12,209.6329
2016-04-13,215.6833
2016-04-18,217.3622
2016-04-20,221.8632
2016-04-21,206.3124
2016-04-22,205.759
2016-04-25,203.8035
2016-04-26,204.6521
2016-04-27,206.958
2016-04-28,204.2462
2016-04-29,204.283
2016-05-02,202.2725
2016-05-03,200.5384
2016-05-04,199.1548
2016-05-05,200.3354
2016-05-06,196.4984
2016-05-09,198.8228
2016-05-10,198.712
2016-05-11,198.1772
2016-05-12,200.0034
2016-05-13,199.0809
2016-05-16,199.5791
2016-05-17,199.45
2016-05-18,198.8413
2016-05-19,200.2248
2016-05-20,200.4277
2016-05-23,199.2655
2016-05-24,198.5276
2016-05-25,201.5345
2016-05-26,201.1103
2016-05-27,201.4054
2016-05-30,203.0287
2016-05-31,201.516
2016-06-01,204.1171
2016-06-02,199.3209
2016-06-03,199.6161
2016-06-06,197.7345
2016-06-07,199.0995
2016-06-08,200.6123
2016-06-09,201.0364
2016-06-10,201.055
2016-06-13,199.4316
2016-06-14,199.9481
2016-06-15,201.6637
2016-06-16,202.8628
2016-06-17,203.7297
2016-06-20,205.4822
2016-06-21,206.6998
2016-06-22,207.659
2016-06-23,207.9172
2016-06-24,205.1132
2016-06-27,202.586
2016-06-28,200.1141
2016-06-29,204.5414
2016-06-30,205.9987
2016-07-01,206.0357
2016-07-04,206.6444
2016-07-05,207.4007
2016-07-07,206.2017
2016-07-08,207.3454
2016-07-11,209.7107
2016-07-12,210.5054
2016-07-13,212.113
2016-07-14,210.9304
2016-07-15,204.9984
2016-07-18,204.0189
2016-07-19,203.058
2016-07-20,199.0663
2016-07-21,200.2121
2016-07-22,198.6413
2016-07-25,200.4708
2016-07-26,202.1156
2016-07-27,202.7623
2016-07-28,204.4994
2016-07-29,201.5426
2016-08-01,206.4769
2016-08-02,203.4646
2016-08-03,202.5406
2016-08-04,202.6884
2016-08-05,201.3764
2016-08-08,202.9287
2016-08-09,203.4276
2016-08-10,200.4523
2016-08-11,200.9513
2016-08-12,200.9697
2016-08-16,198.1978
2016-08-17,195.4258
2016-08-18,193.9658
2016-08-19,192.4135
2016-08-22,190.4547
2016-08-23,192.0255
2016-08-24,192.1364
2016-08-25,186.6847
2016-08-26,181.0853
2016-08-29,176.8719
2016-08-30,180.771
2016-08-31,181.2885
2016-09-01,178.7753
2016-09-02,178.6459
2016-09-06,178.4426
2016-09-07,178.2025
2016-09-08,175.0424
2016-09-09,177.6482
2016-09-12,177.8883
2016-09-14,176.7241
2016-09-15,176.798
2016-09-16,177.3338
2016-09-19,177.5556
2016-09-20,177.4816
2016-09-21,178.609
2016-09-22,177.9623
2016-09-23,177.4816
2016-09-26,176.9642
2016-09-27,179.034
2016-09-28,178.6645
2016-09-29,174.6173
2016-09-30,176.5392
2016-10-03,176.8719
2016-10-04,177.9623
2016-10-05,177.0198
2016-10-06,176.5577
2016-10-07,176.1511
2016-10-10,176.2806
2016-10-13,176.336
2016-10-14,175.375
2016-10-17,174.2661
2016-10-18,177.9067
2016-10-19,182.7855
2016-10-20,183.1366
2016-10-21,184.5041
2016-10-24,178.7937
2016-10-25,177.8699
2016-10-26,174.5988
2016-10-27,170.9952
2016-10-28,170.6441
2016-11-01,170.3485
2016-11-02,169.2581
2016-11-03,165.71
2016-11-04,167.2253
2016-11-07,166.671
2016-11-08,167.4102
2016-11-09,165.285
2016-11-10,164.3609
2016-11-11,163.1412
2016-11-15,165.5992
2016-11-16,164.1392
2016-11-17,162.5129
2016-11-18,161.5519
2016-11-21,163.2336
2016-11-22,166.2828
2016-11-23,165.636
2016-11-24,166.671
2016-11-25,171.8269
2016-11-28,170.5518
2016-11-29,171.5866
2016-11-30,171.9009
2016-12-01,172.8433
2016-12-02,170.0527
2016-12-05,168.7038
2016-12-06,169.1287
2016-12-07,167.5025
2016-12-08,169.5908
2016-12-09,169.5353
2016-12-12,167.8721
2016-12-13,171.3463
2016-12-14,171.8823
2016-12-15,172.4551
2016-12-16,171.3833
2016-12-19,171.1431
2016-12-20,172.5291
2016-12-21,170.9584
2016-12-22,170.5148
2016-12-23,169.6277
2016-12-26,168.5559
2016-12-27,171.4942
2016-12-28,173.4716
2016-12-29,174.5249
2016-12-30,175.1902
2017-01-02,174.6912
2017-01-03,172.7878
2017-01-04,175.837
2017-01-05,177.5372
2017-01-06,173.6748
2017-01-09,174.6912
2017-01-10,176.1141
2017-01-11,175.9663
2017-01-12,178.6459
2017-01-13,179.1449
2017-01-16,178.5906
2017-01-17,177.6482
2017-01-18,178.0546
2017-01-19,176.6316
2017-01-20,176.41
2017-01-23,177.1491
2017-01-24,177.8143
2017-01-25,174.9869
2017-01-27,172.2704
2017-01-30,171.7344
2017-01-31,168.944
2017-02-01,168.2602
2017-02-02,168.984
2017-02-03,169.5409
2017-02-06,171.1559
2017-02-07,169.8565
2017-02-08,170.8032
2017-02-09,172.4923
2017-02-10,173.7729
2017-02-13,176.3159
2017-02-14,176.2973
2017-02-15,176.186
2017-02-16,178.4134
2017-02-17,176.5943
2017-02-20,176.5386
2017-02-21,176.5386
2017-02-22,175.7962
2017-02-23,180.251
2017-02-27,181.4575
2017-02-28,181.3461
2017-03-01,181.2162
2017-03-02,181.6245
2017-03-03,182.7939
2017-03-06,182.5897
2017-03-07,183.3136
2017-03-08,183.3507
2017-03-09,179.7498
2017-03-10,180.7707
2017-03-14,185.7823
2017-03-15,183.2022
2017-03-16,185.4482
2017-03-17,187.0074
2017-03-20,184.4459
2017-03-21,184.7243
2017-03-22,186.1907
2017-03-23,189.1605
2017-03-24,190.2556
2017-03-27,186.8959
2017-03-28,188.418
2017-03-29,189.3275
2017-03-30,191.4621
2017-03-31,191.3136
2017-04-03,188.251
2017-04-05,189.5318
2017-04-06,190.5897
2017-04-07,189.9772
2017-04-10,186.8589
2017-04-11,189.309
2017-04-12,185.9864
2017-04-13,183.6848
2017-04-17,182.5711
2017-04-18,183.3693
2017-04-19,184.947
2017-04-20,185.6152
2017-04-21,183.0908
2017-04-24,182.5711
2017-04-25,183.5921
2017-04-26,182.1257
2017-04-27,184.0189
2017-04-28,183.4249
2017-05-02,183.759
2017-05-03,184.186
2017-05-04,185.1697
2017-05-05,185.0398
2017-05-08,186.5804
2017-05-09,188.8449
2017-05-10,185.7452
2017-05-11,187.3971
2017-05-12,188.1396
2017-05-15,187.9354
2017-05-16,191.1094
2017-05-17,187.8612
2017-05-18,194.3762
2017-05-19,192.78
2017-05-22,193.2997
2017-05-23,195.0444
2017-05-24,194.8774
2017-05-25,198.5897
2017-05-26,200.056
2017-05-29,198.3856
2017-05-30,198.7754
2017-05-31,199.4065
2017-06-01,201.1141
2017-06-02,204.9007
2017-06-05,206.2557
2017-06-06,208.1303
2017-06-07,203.7499
2017-06-08,202.5247
2017-06-09,199.258
2017-06-12,195.3786
2017-06-13,192.5573
2017-06-14,190.1071
2017-06-15,193.6337
2017-06-16,189.2905
2017-06-19,188.8449
2017-06-20,188.6222
2017-06-21,189.9958
2017-06-22,189.0677
2017-06-23,190.7011
2017-06-27,190.0699
2017-06-28,191.8519
2017-06-29,192.483
2017-06-30,192.1118
2017-07-03,192.5573
2017-07-04,192.9655
2017-07-05,191.2208
2017-07-06,190.8866
2017-07-07,190.5155
2017-07-10,199.3507
2017-07-11,195.5271
2017-07-12,195.9725
2017-07-13,196.1581
2017-07-14,192.6686
2017-07-17,198.6825
2017-07-18,199.4621
2017-07-19,201.3924
2017-07-20,199.722
2017-07-21,212.6408
2017-07-24,216.6501
2017-07-25,215.2023
2017-07-26,215.2766
2017-07-27,215.3879
2017-07-28,214.4969
2017-07-31,214.5712
2017-08-01,218.4691
2017-08-02,218.5433
2017-08-03,215.0538
2017-08-04,214.7938
2017-08-07,214.1999
2017-08-08,213.4204
2017-08-09,212.9007
2017-08-10,213.8287
2017-08-11,215.2394
2017-08-14,214.5712
2017-08-16,215.3136
2017-08-17,214.4227
2017-08-18,213.9772
2017-08-21,214.0886
2017-08-22,215.4992
2017-08-23,215.9448
2017-08-24,215.0166
2017-08-28,215.9818
2017-08-29,216.019
2017-08-30,216.5387
2017-08-31,222.0329
2017-09-01,220.3624
2017-09-04,220.7707
2017-09-05,220.6593
2017-09-06,220.6593
2017-09-07,221.9586
2017-09-08,223.0353
2017-09-11,223.6663
2017-09-12,221.4389
2017-09-13,219.8055
2017-09-14,210.7846
2017-09-15,212.1582
2017-09-18,214.2742
2017-09-19,214.4969
2017-09-20,216.613
2017-09-21,216.1675
2017-09-22,218.3206
2017-09-25,216.5015
2017-09-26,215.4992
2017-09-27,214.2742
2017-09-28,212.2325
2017-09-29,208.5943
2017-10-03,210.1536
2017-10-04,210.1907
2017-10-05,210.6361
2017-10-06,212.5295
2017-10-09,212.7522
2017-10-10,212.7522
2017-10-11,215.7963
2017-10-12,217.1327
2017-10-13,216.6872
2017-10-16,215.3508
2017-10-17,214.9424
2017-10-18,219.063
2017-10-23,220.2139
2017-10-24,219.9911
2017-10-25,221.9586
2017-10-26,224.1118
2017-10-27,220.2139
2017-10-30,217.6894
2017-10-31,218.2835
2017-11-01,217.6152
2017-11-02,217.5782
2017-11-03,218.5062
2017-11-06,222.3671
2017-11-07,224.2974
2017-11-08,223.9263
2017-11-09,224.6687
2017-11-10,224.2603
2017-11-13,221.8473
2017-11-14,222.0329
2017-11-15,219.9168
2017-11-16,220.9935
2017-11-17,218.8404
2017-11-20,218.7289
2017-11-21,218.2464
2017-11-22,218.3948
2017-11-23,217.838
2017-11-24,217.2069
2017-11-27,218.8774
2017-11-28,218.2835
2017-11-29,221.179
2017-11-30,216.6501
2017-12-01,214.9053
2017-12-04,215.3508
2017-12-05,210.4134
2017-12-06,209.5967
2017-12-07,208.8913
2017-12-08,210.3021
2017-12-11,214.7569
2017-12-12,213.2348
2017-12-13,213.2348
2017-12-14,213.7545
2017-12-15,215.1651
2017-12-18,219.2486
2017-12-19,216.9099
2017-12-20,220.251
2017-12-21,220.9935
2017-12-22,223.555
2017-12-26,225.1512
2017-12-27,226.7104
2017-12-28,228.3438
2017-12-29,232.6872
2018-01-01,235.917
2018-01-02,236.7707
2018-01-03,230.3114
2018-01-04,231.2765
2018-01-05,229.9772
2018-01-08,230.9424
2018-01-09,235.8056
2018-01-10,242.0794
2018-01-11,238.3671
2018-01-12,236.6595
2018-01-15,234.9518
2018-01-16,246.4228
2018-01-17,241.8566
2018-01-18,242.0794
2018-01-19,243.8612
2018-01-22,238.1814
2018-01-23,233.9494
2018-01-24,232.9471
2018-01-25,231.6106
2018-01-29,231.6106
2018-01-30,228.4552
2018-01-31,226.9281
2018-02-01,224.3956
2018-02-02,223.8369
2018-02-05,222.3844
2018-02-06,219.6656
2018-02-07,215.6059
2018-02-08,215.7177
2018-02-09,212.2912
2018-02-12,214.4514
2018-02-14,218.2503
2018-02-15,217.1702
2018-02-16,216.5371
2018-02-19,216.0529
2018-02-20,217.0212
2018-02-21,217.6916
2018-02-22,217.8034
2018-02-23,219.1069
2018-02-26,217.431
2018-02-27,217.8034
2018-02-28,218.1014
2018-03-01,217.5055
2018-03-05,216.4253
2018-03-06,213.1479
2018-03-07,212.4402
2018-03-08,212.2912
2018-03-09,212.4402
2018-03-12,216.5743
2018-03-13,220.1498
2018-03-14,218.511
2018-03-15,218.4365
2018-03-16,220.2987
2018-03-19,214.5632
2018-03-20,218.809
2018-03-21,220.1498
2018-03-22,215.457
2018-03-23,212.4402
2018-03-26,204.0231
2018-03-27,203.0175
2018-03-28,209.6469
2018-04-02,215.8294
2018-04-03,211.4719
2018-04-04,209.7586
2018-04-05,212.552
2018-04-06,211.6208
2018-04-09,211.9933
2018-04-10,212.7382
2018-04-11,213.0361
2018-04-12,213.632
2018-04-13,218.511
2018-04-16,215.9784
2018-04-17,212.6637
2018-04-18,218.0269
2018-04-19,217.2075
2018-04-20,222.2354
2018-04-23,221.1181
2018-04-24,213.8183
2018-04-25,213.93
2018-04-26,209.6469
2018-04-27,205.1031
2018-04-30,207.6357
2018-05-02,205.2149
2018-05-03,201.2298
2018-05-04,201.2298
2018-05-07,204.2093
2018-05-08,202.8313
2018-05-09,201.4905
2018-05-10,200.969
2018-05-11,202.5333
2018-05-14,202.2354
2018-05-15,201.416
2018-05-16,204.321
2018-05-17,206.6674
2018-05-18,200.7084
2018-05-21,197.3192
2018-05-22,197.4309
2018-05-23,196.0901
2018-05-24,196.7978
2018-05-25,197.3564
2018-05-28,196.1646
2018-05-29,195.8666
2018-05-30,194.2279
2018-05-31,195.0845
2018-06-01,194.0044
2018-06-04,193.6692
2018-06-05,190.2428
2018-06-06,193.2223
2018-06-07,197.0584
2018-06-08,196.4998
2018-06-11,196.835
2018-06-12,198.3992
2018-06-13,200.3359
2018-06-14,198.6972
2018-06-15,198.7717
2018-06-18,197.8406
2018-06-19,194.8983
2018-06-20,193.5203
2018-06-21,192.9243
2018-06-22,192.1423
2018-06-25,191.7698
2018-06-26,191.6208
2018-06-27,190.578
2018-06-28,191.4346
2018-06-29,194.7121
2018-07-02,194.3768
2018-07-03,194.9727
2018-07-04,195.7176
2018-07-05,197.3937
2018-07-06,195.9039
2018-07-09,197.4682
2018-07-10,201.9374
2018-07-11,203.241
2018-07-12,208.1945
2018-07-13,209.0883
2018-07-16,210.876
2018-07-17,211.6581
2018-07-18,211.6208
2018-07-19,212.4775
2018-07-20,210.8388
2018-07-23,205.6245
2018-07-24,203.6133
2018-07-25,204.5817
2018-07-26,203.0175
2018-07-27,204.47
2018-07-30,203.6878
2018-07-31,206.1833
2018-08-01,206.2949
2018-08-02,207.8592
2018-08-03,207.1888
2018-08-06,206.1088
2018-08-07,206.5557
2018-08-08,207.2633
2018-08-09,207.7475
2018-08-10,207.8592
2018-08-13,210.578
2018-08-14,211.8443
2018-08-16,208.4551
2018-08-17,208.2689
2018-08-20,211.7698
2018-08-21,214.8984
2018-08-23,215.6432
2018-08-24,217.7289
2018-08-27,220.8574
2018-08-28,220.4105
2018-08-29,221.1926
2018-08-30,222.6079
2018-08-31,224.6936
2018-09-03,230.2801
2018-09-04,233.5577
2018-09-05,236.9096
2018-09-06,238.6973
2018-09-07,241.3789
2018-09-10,242.0121
2018-09-11,240.8575
2018-09-12,244.8054
2018-09-14,245.9227
2018-09-17,245.1778
2018-09-18,247.6731
2018-09-19,247.8594
2018-09-21,251.2858
2018-09-24,247.7476
2018-09-25,245.4385
2018-09-26,238.2876
2018-09-27,238.8091
2018-09-28,241.4907
2018-10-01,246.4441
2018-10-03,244.2839
2018-10-04,242.608
2018-10-05,242.31
2018-10-08,237.1331
2018-10-09,238.5111
2018-10-10,236.0158
2018-10-11,233.1852
2018-10-12,235.3826
2018-10-15,238.6601
2018-10-16,238.4738
2018-10-17,241.3417
2018-10-19,240.634
2018-10-22,239.8146
2018-10-23,230.3919
2018-10-24,230.2801
2018-10-25,237.8779
2018-10-26,237.3193
2018-10-29,244.7681
2018-10-30,244.5074
2018-10-31,246.9282
2018-11-01,245.7737
2018-11-02,237.6917
2018-11-05,241.3044
2018-11-06,242.1238
2018-11-09,242.0121
2018-11-12,241.1927
2018-11-13,242.8687
2018-11-14,241.8631
2018-11-15,241.3044
2018-11-16,242.7942
2018-11-19,245.9972
2018-11-20,239.6284
2018-11-21,233.9301
2018-11-22,229.0138
2018-11-26,237.5055
2018-11-27,232.3285
2018-11-28,231.2113
2018-11-29,234.6005
2018-11-30,241.9748
2018-12-03,244.4701
2018-12-04,249.1629
2018-12-05,250.1685
2018-12-06,247.0772
2018-12-07,248.9394
2018-12-10,243.7997
2018-12-11,245.0288
2018-12-12,245.8482
2018-12-13,252.3286
2018-12-14,248.1201
2018-12-17,253.1108
2018-12-18,249.8333
2018-12-19,253.7812
2018-12-20,248.4553
2018-12-21,237.9524
2018-12-24,243.7997
2018-12-26,242.6825
2018-12-27,243.9115
2018-12-28,246.5931
2018-12-31,245.9972
2019-01-01,244.0605
2019-01-02,242.1611
2019-01-03,242.3845
2019-01-04,241.0437
2019-01-07,241.4907
2019-01-08,242.7197
2019-01-09,245.1405
2019-01-10,243.2411
2019-01-11,244.3956
2019-01-14,233.4087
2019-01-15,246.5186
2019-01-16,251.3976
2019-01-17,250.5782
2019-01-18,257.878
2019-01-21,251.3976
2019-01-22,258.0643
2019-01-23,261.6024
2019-01-24,262.3473
2019-01-25,263.0549
2019-01-28,264.5447
2019-01-29,267.8688
2019-01-30,270.782
2019-01-31,275.8615
2019-02-01,277.3929
2019-02-04,277.2061
2019-02-05,275.3013
2019-02-06,277.9157
2019-02-07,279.1109
2019-02-08,278.1772
2019-02-11,278.2519
2019-02-12,279.5965
2019-02-13,281.8001
2019-02-14,280.3808
2019-02-15,280.5302
2019-02-18,280.5302
2019-02-19,273.4338
2019-02-20,278.2145
2019-02-21,279.7459
2019-02-22,283.1073
2019-02-25,288.3735
2019-02-26,289.2326
2019-02-27,279.0362
2019-02-28,276.3844
2019-03-01,280.4928
2019-03-05,271.6037
2019-03-06,276.2848
2019-03-07,267.7194
2019-03-08,255.4688
2019-03-11,258.6062
2019-03-12,260.1997
2019-03-13,256.7138
2019-03-14,255.7676
2019-03-15,261.6439
2019-03-18,256.664
2019-03-19,256.5644
2019-03-20,260.4985
2019-03-22,259.403
2019-03-25,255.6182
2019-03-26,253.9251
2019-03-27,253.4769
2019-03-28,253.5765
2019-03-29,253.7259
2019-04-01,260.7475
2019-04-02,260.5483
2019-04-03,260.4487
2019-04-04,257.909
2019-04-05,261.0961
2019-04-08,262.5901
2019-04-09,272.3507
2019-04-10,279.8704
2019-04-11,280.1691
2019-04-12,282.4599
2019-04-15,286.9916
2019-04-16,279.9699
2019-04-18,283.6551
2019-04-22,287.0912
2019-04-23,290.1289
2019-04-24,291.9217
2019-04-25,294.0631
2019-04-26,293.1667
2019-04-30,297.2004
2019-05-02,292.3699
2019-05-03,289.8302
2019-05-06,289.7306
2019-05-07,292.5193
2019-05-08,289.631
2019-05-09,289.8302
2019-05-10,289.382
2019-05-13,288.0872
2019-05-14,283.1571
2019-05-15,282.5097
2019-05-16,284.6511
2019-05-17,285.5972
2019-05-20,288.884
2019-05-21,285.6968
2019-05-22,282.0615
2019-05-23,281.0157
2019-05-24,282.0117
2019-05-27,279.3226
2019-05-28,283.1571
2019-05-29,284.7507
2019-05-30,287.141
2019-05-31,285.398
2019-06-03,290.1289
2019-06-04,292.7185
2019-06-06,290.8261
2019-06-07,293.8639
2019-06-10,296.0052
2019-06-11,296.7024
2019-06-12,296.802
2019-06-13,297.5988
2019-06-14,297.7482
2019-06-17,298.047
2019-06-18,296.6028
2019-06-19,292.7683
2019-06-20,285.6968
2019-06-21,284.6511
2019-06-24,282.7587
2019-06-25,284.2029
2019-06-26,285.0494
2019-06-27,281.0157
2019-06-28,279.2728
2019-07-01,280.7667
2019-07-02,282.9579
2019-07-03,281.7129
2019-07-04,282.6591
2019-07-05,270.7571
2019-07-08,265.9764
2019-07-09,264.4825
2019-07-10,265.7274
2019-07-11,266.6736
2019-07-12,257.9588
2019-07-15,258.8054
2019-07-16,259.0046
2019-07-17,258.656
2019-07-18,268.068
2019-07-19,263.6857
2019-07-22,263.6359
2019-07-23,263.5363
2019-07-24,262.9387
2019-07-25,261.3949
2019-07-26,262.5403
2019-07-29,261.3451
2019-07-30,261.1459
2019-07-31,264.2833
2019-08-01,269.4126
2019-08-02,262.6399
2019-08-05,261.0463
2019-08-06,257.9588
2019-08-07,261.4447
2019-08-08,264.8311
2019-08-09,262.7395
2019-08-13,257.4608
2019-08-14,250.1404
2019-08-16,248.2978
2019-08-19,251.2359
2019-08-20,252.3315
2019-08-21,251.5845
2019-08-22,250.9869
2019-08-23,250.3395
2019-08-26,248.0986
2019-08-27,249.1444
2019-08-28,248.1982
2019-08-29,247.999
2019-08-30,253.3275
2019-09-03,252.6801
2019-09-04,255.0705
2019-09-05,254.5227
2019-09-06,250.9371
2019-09-09,254.5725
2019-09-11,247.1524
2019-09-12,243.5669
2019-09-13,244.4135
2019-09-16,245.9074
2019-09-17,243.2183
2019-09-18,243.2183
2019-09-19,240.5291
2019-09-20,244.7621
2019-09-23,239.0352
2019-09-24,239.6328
2019-09-25,237.84
2019-09-26,236.2962
2019-09-27,235.4994
2019-09-30,238.836
2019-10-01,232.6111
2019-10-03,235.1011
2019-10-04,236.7444
2019-10-07,236.1966
2019-10-09,236.7444
2019-10-10,238.1886
2019-10-11,238.3878
2019-10-14,242.3717
2019-10-15,242.7203
2019-10-16,247.8496
2019-10-17,247.0528
2019-10-18,247.7998
2019-10-22,252.6801
2019-10-23,253.3275
2019-10-24,248.5468
2019-10-25,252.1821
2019-10-29,254.3733
2019-10-30,253.6761
2019-10-31,258.158
2019-11-01,257.6102
2019-11-04,255.3194
2019-11-05,257.8094
2019-11-06,255.4688
2019-11-07,258.5564
2019-11-08,255.3194
2019-11-11,255.3692
2019-11-13,251.7339
2019-11-14,251.7339
2019-11-15,251.4351
2019-11-18,248.5966
2019-11-19,249.3934
2019-11-20,247.8496
2019-11-21,246.505
2019-11-22,242.1227
2019-11-25,241.9733
2019-11-26,236.7444
2019-11-27,239.1348
2019-11-28,238.836
2019-11-29,236.7444
2019-12-02,237.7404
2019-12-03,235.7982
2019-12-04,241.2263
2019-12-05,242.7203
2019-12-06,239.9814
2019-12-09,239.4336
2019-12-10,237.1926
2019-12-11,239.0352
2019-12-12,238.4376
2019-12-13,242.8199
2019-12-16,242.1725
2019-12-17,243.7661
2019-12-18,247.4014
2019-12-19,248.1484
2019-12-20,250.5885
2019-12-23,252.8295
2019-12-24,250.9869
2019-12-26,249.1942
2019-12-27,246.6046
2019-12-30,248.0488
2019-12-31,244.9613
2020-01-01,246.754
2020-01-02,247.252
2020-01-03,249.7918
2020-01-06,251.1363
2020-01-07,254.1741
2020-01-08,253.6761
2020-01-09,252.5805
2020-01-10,250.7379
2020-01-13,253.8753
2020-01-14,256.1162
2020-01-15,247.1524
2020-01-16,249.244
2020-01-17,249.991
2020-01-20,247.003
2020-01-21,246.0568
2020-01-22,245.0609
2020-01-23,247.75
2020-01-24,247.55
2020-01-27,245.3
2020-01-28,244.05
2020-01-29,246.7
2020-01-30,240.8
2020-01-31,236.8
2020-02-03,237.45
2020-02-04,240.25
2020-02-05,242.3
2020-02-06,243.6
2020-02-07,244.0
2020-02-10,241.0
2020-02-11,241.15
2020-02-12,244.6
2020-02-13,243.75
2020-02-14,243.0
2020-02-17,243.75
2020-02-18,244.1
2020-02-19,247.55
2020-02-20,245.55
2020-02-24,244.2
2020-02-25,244.15
2020-02-26,240.0
2020-02-27,231.6
2020-02-28,221.1
2020-03-02,220.75
2020-03-03,223.65
2020-03-04,228.75
2020-03-05,229.6
2020-03-06,223.55
2020-03-09,214.25
2020-03-11,213.15
2020-03-12,199.2
2020-03-13,197.4
2020-03-16,179.7
2020-03-17,173.8
2020-03-18,169.8
2020-03-19,161.95
2020-03-20,179.4
2020-03-23,170.35
2020-03-24,176.55
2020-03-25,175.15
2020-03-26,183.35
2020-03-27,183.5
2020-03-30,184.1
2020-03-31,196.6
2020-04-01,189.75
2020-04-03,180.0
2020-04-07,191.9
2020-04-08,193.15
2020-04-09,196.65
2020-04-13,189.45
2020-04-15,186.55
2020-04-16,188.1
2020-04-17,187.0
2020-04-20,181.15
2020-04-21,178.15
2020-04-22,178.6
2020-04-23,181.15
2020-04-24,177.65
2020-04-27,182.0
2020-04-28,179.75
2020-04-29,180.7
2020-04-30,190.5
2020-05-04,190.15
2020-05-05,184.0
2020-05-06,187.15
2020-05-07,184.1
2020-05-08,184.0
2020-05-11,184.8
2020-05-12,187.0
2020-05-13,189.7
2020-05-14,186.05
2020-05-15,183.5
2020-05-18,182.3
2020-05-19,184.45
2020-05-20,185.0
2020-05-21,189.15
2020-05-22,188.9
2020-05-26,188.95
2020-05-27,201.75
2020-05-28,199.3
2020-05-29,212.55
2020-06-01,214.75
2020-06-02,215.9
2020-06-03,211.3
2020-06-04,217.05
2020-06-05,218.8
2020-06-08,226.05
2020-06-09,218.3
2020-06-10,216.95
2020-06-11,212.8
2020-06-12,208.0
2020-06-15,213.75
2020-06-16,212.45
2020-06-17,217.85
2020-06-18,218.2
2020-06-19,222.15
2020-06-22,218.0
2020-06-23,220.65
2020-06-24,218.15
2020-06-25,218.45
2020-06-26,225.35
2020-06-29,219.65
2020-06-30,219.7
2020-07-01,218.95
2020-07-02,224.7
2020-07-03,224.7
2020-07-06,222.75
2020-07-07,224.75
2020-07-08,223.0
2020-07-09,221.6
2020-07-10,222.0
2020-07-13,227.55
2020-07-14,225.05
2020-07-15,262.95
2020-07-16,262.0
2020-07-17,261.5
2020-07-20,270.85
2020-07-21,271.05
2020-07-22,265.9
2020-07-23,266.6
2020-07-24,270.45
2020-07-27,268.55
2020-07-28,275.45
2020-07-29,277.0
2020-07-30,284.05
2020-07-31,280.6
2020-08-03,281.3
2020-08-04,281.1
2020-08-05,278.15
2020-08-06,279.45
2020-08-07,277.25
2020-08-10,277.15
2020-08-11,279.5
2020-08-12,276.2
2020-08-13,277.0
2020-08-14,276.5
2020-08-17,282.35
2020-08-18,282.55
2020-08-19,279.6
2020-08-20,274.25
2020-08-21,273.35
2020-08-24,272.7
2020-08-25,269.9
2020-08-26,272.0
2020-08-27,271.9
2020-08-28,271.95
2020-08-31,271.4
2020-09-01,271.75
2020-09-02,273.8
2020-09-03,282.65
2020-09-04,276.0
2020-09-07,278.65
2020-09-08,282.25
2020-09-09,282.75
2020-09-10,284.95
2020-09-11,293.05
2020-09-14,307.15
2020-09-15,307.3
2020-09-16,312.1
2020-09-17,311.65
2020-09-18,316.5
2020-09-21,311.95
2020-09-22,312.25
2020-09-23,314.5
2020-09-24,304.6
2020-09-25,313.9
2020-09-28,311.55
2020-09-29,311.4
2020-09-30,313.6
2020-10-01,313.0
2020-10-05,334.05
2020-10-06,330.0
2020-10-07,335.25
2020-10-08,359.45
2020-10-09,374.1
2020-10-12,377.55
2020-10-13,375.75
2020-10-14,350.15
2020-10-15,341.5
2020-10-16,339.55
2020-10-19,343.25
2020-10-20,346.75
2020-10-21,343.5
2020-10-22,344.55
2020-10-23,342.4
2020-10-26,339.7
2020-10-27,334.15
2020-10-28,335.6
2020-10-29,337.55
2020-10-30,340.65
2020-11-02,334.9
2020-11-03,335.6
2020-11-04,342.85
2020-11-05,345.4
2020-11-06,346.15
2020-11-09,351.85
2020-11-10,342.2
2020-11-11,346.9
2020-11-12,345.6
2020-11-13,344.15
2020-11-17,348.85
2020-11-18,345.2
2020-11-19,342.65
2020-11-20,346.4
2020-11-23,355.85
2020-11-24,355.55
2020-11-25,350.0
2020-11-26,355.05
2020-11-27,350.5
2020-12-01,352.9
2020-12-02,359.0
2020-12-03,360.15
2020-12-04,360.75
2020-12-07,358.55
2020-12-08,363.65
2020-12-09,359.65
2020-12-10,356.0
2020-12-11,353.45
2020-12-14,349.3
2020-12-15,352.95
2020-12-16,358.3
2020-12-17,356.75
2020-12-18,363.5
2020-12-21,354.7
2020-12-22,364.0
2020-12-23,385.4
2020-12-24,382.2
2020-12-28,382.85
2020-12-29,384.95
2020-12-30,384.4
